Phyla,Species,antimicrobial-resistance,Biofilm-formation,Human-pathogenicity,Thermophile,Radiation-resistance,Spore-formation
Ascomycota,Aaosphaeria arxii CBS 175.79,0,1,0,1,0,1
Mucoromycota,Absidia caerulea NRRL1315,1,1,1,1,1,1
Mucoromycota,Absidia repens NRRL 1336,1,1,1,1,1,1
Ascomycota,Amniculicola lignicola CBS 123094,1,1,0,1,0,0
Ascomycota,Amorphotheca resinae ATCC 22711,0,0,1,0,0,1
Ascomycota,Aplosporella prunicola CBS 121167,0,0,1,1,0,0
Ascomycota,Ascoidea rubescens DSM 1968,1,1,1,0,0,1
Ascomycota,Aspergillus aculeatinus CBS 121060,1,1,0,1,0,1
Ascomycota,Aspergillus aculeatus ATCC 16872,1,1,1,1,0,1
Ascomycota,Aspergillus alliaceus CBS 536.65,1,1,1,1,1,1
Ascomycota,Aspergillus brasiliensis CBS 101740,1,1,1,1,0,1
Ascomycota,Aspergillus brunneoviolaceus CBS 621.78,1,1,0,1,0,1
Ascomycota,Aspergillus clavatus NRRL 1,0,1,1,1,1,1
Ascomycota,Aspergillus costaricaensis CBS 115574,1,1,1,1,0,1
Ascomycota,Aspergillus ellipticus CBS 707.79,0,1,1,0,0,1
Ascomycota,Aspergillus eucalypticola CBS 122712,1,0,1,1,0,1
Ascomycota,Aspergillus fijiensis CBS 313.89,1,0,0,1,0,1
Ascomycota,Aspergillus flavus NRRL3357,1,1,1,1,1,1
Ascomycota,Aspergillus fumigatus Af293,1,1,1,1,1,1
Ascomycota,Aspergillus giganteus CBS 515.65,1,1,1,1,1,1
Ascomycota,Aspergillus glaucus CBS 516.65,1,1,1,1,0,1
Ascomycota,Aspergillus heteromorphus CBS 117.55,0,1,1,1,0,1
Ascomycota,Aspergillus homomorphus CBS 101889,1,1,1,1,0,1
Ascomycota,Aspergillus ibericus CBS 121593,1,1,0,1,0,1
Ascomycota,Aspergillus indologenus CBS 114.80,1,1,0,1,0,1
Ascomycota,Aspergillus intermedius CBS 116.62,1,1,1,1,1,1
Ascomycota,Aspergillus japonicus CBS 114.51,1,1,0,1,0,1
Ascomycota,Aspergillus luchuensis CBS 106.47,1,0,1,1,0,1
Ascomycota,Aspergillus neoniger CBS 115656,0,1,1,1,0,1
Ascomycota,Aspergillus niger ATCC 1015,1,0,1,1,0,1
Ascomycota,Aspergillus nomiae NRRL 13137,1,0,1,1,0,1
Ascomycota,Aspergillus ochraceus ITEM 7043,1,1,1,1,1,1
Ascomycota,Aspergillus phoenicis ATCC 13157,1,0,1,1,0,1
Ascomycota,Aspergillus piperis CBS 112811,1,0,1,1,0,1
Ascomycota,Aspergillus ruber CBS 135680,1,1,1,1,0,1
Ascomycota,Aspergillus sclerotiicarbonarius CBS 121057,1,0,1,1,0,1
Ascomycota,Aspergillus sclerotioniger CBS 115572,1,1,0,1,0,1
Ascomycota,Aspergillus sclerotiorum CBS 549.65,1,1,1,1,1,1
Ascomycota,Aspergillus sydowii CBS 593.65,1,0,1,1,0,1
Ascomycota,Aspergillus tubingensis CBS 134.48,1,1,1,1,0,1
Ascomycota,Aspergillus uvarum CBS 121591,1,0,0,1,0,1
Ascomycota,Aspergillus vadensis CBS 113365,1,1,1,1,0,1
Ascomycota,Aspergillus versicolor CBS 583.65,1,0,1,1,0,1
Ascomycota,Aspergillus violaceofuscus CBS 115571,0,0,0,1,0,1
Ascomycota,Aspergillus nomiae,1,1,1,1,1,1
Ascomycota,Aulographum hederae CBS 113979,1,0,0,1,0,0
Ascomycota,Aureobasidium namibiae CBS 147.97,0,1,0,0,0,0
Ascomycota,Babjeviella inositovora NRRL Y 12698,1,1,1,0,0,0
Zygomycota,Basidiobolus meristosporus CBS 931.73,0,0,0,0,0,1
Zygomycota,Basidiobolus microsporus NRRL 2992,1,1,1,1,1,1
Mucoromycota,Benjaminiella poitrasii RSA903  Metagenome Assembled Genome,1,1,1,1,1,1
Ascomycota,Bimuria novae zelandiae CBS 107.79,0,0,0,0,0,0
Ascomycota,Bipolaris maydis ATCC 48331,0,1,0,0,0,0
Ascomycota,Bipolaris oryzae ATCC 44560,0,1,0,1,0,0
Ascomycota,Blastomyces dermatitidis ATCC 18188,0,1,1,1,0,0
Ascomycota,Blastomyces dermatitidis ER 3,1,1,1,1,1,1
Ascomycota,Issatchenkia orientalis,1,1,1,1,1,1
Mucoromycota,Calcarisporiella thermophila CBS 279.70,1,1,1,1,1,1
Ascomycota,Candida albicans SC5314,1,1,1,0,1,1
Ascomycota,Candida boidinii NRRL Y 2332,1,1,1,1,1,1
Ascomycota,Candida parapsilosis CDC317,1,1,1,1,1,1
Ascomycota,Candida auris,1,1,1,1,1,1
Ascomycota,Candida railenensis,1,1,1,1,1,1
Ascomycota,Capronia coronata CBS 617.96,0,1,1,0,0,1
Ascomycota,Capronia epimyces CBS 606.96,1,1,0,0,0,1
Ascomycota,Ceratocystis fimbriata CBS 114723,0,0,1,0,0,0
Ascomycota,Chaetomium olivicolor CBS 102434,1,1,1,1,1,1
Ascomycota,Chaetomium thermophilum var thermophilum DSM 1495,1,1,1,1,1,1
Ascomycota,Chaetothyriales sp. CBS 132003,0,1,0,0,0,0
Ascomycota,Citeromyces matritensis NRRL Y 2407,1,1,1,1,1,1
Ascomycota,Cladophialophora bantiana CBS 173.52,0,1,1,0,0,1
Ascomycota,Cladophialophora carrionii CBS 160.54,0,1,1,1,0,1
Ascomycota,Cladophialophora psammophila CBS 110553,0,0,1,0,0,1
Ascomycota,Cladophialophora yegresii CBS 114405,0,0,1,1,0,1
Ascomycota,Clavispora lusitaniae ATCC 42720,1,1,1,0,1,1
Entomophthoromycota,Conidiobolus coronatus NRRL 28638,0,0,0,0,0,0
Ascomycota,Coniochaeta ligniaria NRRL 30616,0,0,1,1,0,0
Ascomycota,Coniosporium apollinis CBS 100218,0,1,1,1,1,0
Basidiomycota,Cryptococcus amylolentus CBS 6039,0,1,1,0,0,0
Basidiomycota,Cryptococcus curvatus ATCC 20509,1,1,1,1,1,1
Basidiomycota,Cryptococcus depauperatus CBS 7841,0,0,1,0,0,0
Basidiomycota,Cryptococcus deuterogattii CBS 10090,0,1,1,0,0,0
Basidiomycota,Cryptococcus wingfieldii CBS 7118,0,1,1,0,0,0
Basidiomycota,Cryptococcus laurentii,1,1,1,1,1,1
Ascomycota,Cucurbitaria berberidis CBS 394.84,0,1,0,1,0,1
Ascomycota,Cyberlindnera jadinii NRRL Y 1542,1,1,0,0,0,0
Ascomycota,Cyphellophora europaea CBS 101466,1,1,1,1,0,1
Ascomycota,Dactylellina haptotyla CBS 200.50,1,1,0,0,1,1
Ascomycota,Debaryomyces hansenii CBS767,1,1,1,0,1,0
Ascomycota,Delitschia confertaspora ATCC 74209,0,1,0,0,0,0
Basidiomycota,Dendrothele bispora CBS 962.96,0,1,1,0,0,1
Ascomycota,Didymella exigua CBS 183.55,0,1,0,0,0,0
Basidiomycota,Dioszegia hungarica 24b 2 Genome annotation (Wed Jul 07 08:52:36 UTC 2021),1,1,1,1,1,1
Ascomycota,Dissoconium aciculare CBS 342.82,1,1,0,0,0,0
Ascomycota,Dothidotthia symphoricarpi CBS 119687,0,1,1,1,0,0
Microsporidia,Encephalitozoon hellem ATCC 50504,0,0,0,0,0,1
Ascomycota,Eremomyces bilateralis CBS 781.70,0,0,0,0,0,0
Ascomycota,Eremothecium gossypii ATCC 10895,1,1,0,0,1,0
Basidiomycota,Erythrobasidium hasegawianum ATCC 9536 (P36),1,1,1,1,1,1
Ascomycota,Exophiala aquamarina CBS 119918,0,1,0,1,0,1
Basidiomycota,Fellomyces polyborus UCDFST 54 35,1,1,1,1,1,1
Mucoromycota,Fennellomyces linderi CBS 158.54,1,1,1,1,1,1
Basidiomycota,Fibularhizoctonia sp. CBS 109695,0,1,0,0,0,1
Basidiomycota,Fistulina hepatica ATCC 64428,0,0,0,0,0,0
Ascomycota,Fonsecaea multimorphosa CBS 102226,1,1,1,0,0,1
Ascomycota,Fonsecaea pedrosoi CBS 271.37,0,1,1,1,0,1
Ascomycota,Fusarium concolor NRRL 13459,1,1,1,1,1,1
Ascomycota,Fusarium odoratissimum NRRL 54006,0,0,1,0,0,0
Ascomycota,Fusarium oxysporum NRRL 32931,1,0,1,0,0,0
Ascomycota,Fusarium redolens CORFU0003,1,1,1,1,1,1
Ascomycota,Fusarium sp. NRRL 52700,0,0,1,0,0,0
Ascomycota,Fusarium oxysporum,1,1,1,1,1,1
Basidiomycota,Galerina marginata CBS 339.88,0,0,0,0,0,1
Ascomycota,Glarea lozoyensis ATCC 20868,1,0,0,1,0,0
Basidiomycota,Gloeophyllum trabeum ATCC 11539,1,0,0,0,0,0
Mucoromycota,Gongronella butleri CBS 227.36+,1,1,1,1,1,1
Ascomycota,Hanseniaspora guilliermondii UTAD222,1,1,1,1,1,1
Ascomycota,Hanseniaspora opuntiae AWRI3578,1,1,1,1,1,1
Ascomycota,Hanseniaspora osmophila AWRI3579,1,1,1,1,1,1
Ascomycota,Hanseniaspora uvarum DSM 2768,1,1,0,0,0,0
Ascomycota,Hanseniaspora valbyensis HY1,1,1,1,1,0,1
Ascomycota,Hapsidospora chrysogenum ATCC 11550,1,1,0,0,0,0
Ascomycota,Humicola hyalothermophila CBS 45480,1,1,1,1,1,1
Ascomycota,Hyphopichia burtonii NRRL Y 1933,1,1,1,0,0,0
Ascomycota,Karstenula rhodostoma CBS 690.94,0,1,0,1,0,0
Ascomycota,Kazachstania africana CBS 2517,1,1,0,0,1,0
Ascomycota,Kazachstania naganishii CBS 8797,1,1,0,0,1,0
Ascomycota,Kluyveromyces dobzhanskii CBS 2104,1,1,0,0,1,0
Ascomycota,Kluyveromyces africanus,1,1,1,1,1,1
Ascomycota,Kluyveromyces polysporus,1,1,1,1,1,1
Ascomycota,Komagataella phaffii CBS 7435,1,1,1,0,1,0
Ascomycota,Kuraishia capsulata CBS 1993,1,1,1,1,1,1
Basidiomycota,Kwoniella bestiolae CBS 10118,0,1,1,0,0,0
Basidiomycota,Kwoniella dejecticola CBS 10117,0,1,1,0,0,0
Basidiomycota,Kwoniella heveanensis CBS 569,0,0,1,0,0,0
Basidiomycota,Kwoniella mangroviensis CBS 10435,0,1,1,0,0,0
Basidiomycota,Kwoniella pini CBS 10737,0,1,1,0,0,0
Ascomycota,Lachancea meyersii CBS 8951,1,1,0,0,1,0
Ascomycota,Lachancea nothofagi CBS 11611,1,1,0,0,1,0
Ascomycota,Lentithecium fluviatile CBS 122367,0,1,0,1,0,0
Ascomycota,Lepidopterella palustris CBS 459.81,1,1,1,1,0,0
Basidiomycota,Leucosporidium scottii UCDFST 62 1032,1,1,1,1,1,1
Mucoromycota,Lichtheimia corymbifera JMRC:FSU:9682,1,1,1,1,1,1
Ascomycota,Lipomyces tetrasporus NRRL Y 8875,1,1,1,1,1,1
Ascomycota,Lodderomyces elongisporus NRRL YB 4239,1,1,1,0,1,0
Ascomycota,Lophiostoma macrostomum CBS 122681,0,1,1,1,1,0
Ascomycota,Magnaporthiopsis poae ATCC 64411,0,0,0,1,0,0
Basidiomycota,Malassezia globosa CBS 7966,0,1,0,0,0,0
Basidiomycota,Malassezia restricta CBS 7877,0,1,0,0,0,0
Basidiomycota,Malassezia sp. CBS 17886,0,1,0,0,0,0
Basidiomycota,Malassezia sympodialis ATCC 42132,0,1,0,0,0,0
Ascomycota,Massarina eburnea CBS 473.64,1,1,0,1,0,0
Ascomycota,Melanomma pulvis pyrius CBS 109.77,1,1,0,1,0,0
Ascomycota,Metschnikowia bicuspidata var. bicuspidata NRRL YB 4993,1,1,1,0,0,1
Ascomycota,Metschnikowia gruessii VY0332,1,1,1,1,1,1
Ascomycota,Metschnikowia pulcherrima NRRL Y 7111,1,1,1,1,1,1
Ascomycota,Microsporum canis CBS 113480,1,1,0,1,1,0
Ascomycota,Millerozyma farinosa CBS 7064,1,1,1,0,1,0
Ascomycota,Millerozyma farinosa,1,1,1,1,1,1
Basidiomycota,Moesziomyces aphidis DSM 70725,1,1,1,1,1,1
Basidiomycota,Mrakia frigida ATCC 22029,1,1,1,1,1,1
Mucoromycota,Mucor fuscus,1,1,1,1,1,1
Mucoromycota,Mucor lusitanicus CBS 277.49,0,1,0,0,0,0
Mucoromycota,Mucor racemosus,1,1,1,1,1,1
Basidiomycota,Mycena galopus ATCC 62051,0,1,0,0,0,1
Mucoromycota,Mycotypha africana NRRL 2978,1,1,1,1,1,1
Ascomycota,Myriangium duriaei CBS 260.36,1,0,0,1,0,0
Ascomycota,Nadsonia fulvescens var. elongata DSM 6958,1,1,0,0,0,1
Ascomycota,Nannizzia gypsea CBS 118893,0,1,1,1,1,1
Ascomycota,Neosartorya fischeri NRRL 181,1,1,1,1,1,1
Ascomycota,Ogataea boidinii,1,1,1,1,1,1
Ascomycota,Ogataea philodendri,1,1,1,1,1,1
Ascomycota,Orbilia oligospora ATCC 24927,1,1,1,0,1,1
Ascomycota,Pachysolen tannophilus NRRL Y 2460,1,1,1,1,0,1
Ascomycota,Paecilomyces lilacinus,1,1,1,1,1,1
Ascomycota,Paraconiothyrium sporulosum AP3s5 JAC2a,1,1,1,1,0,1
Ascomycota,Patellaria atrata CBS 101060,0,0,1,1,0,0
Basidiomycota,Paxillus involutus ATCC 200175,0,1,0,0,0,0
Ascomycota,Penicilliopsis zonata CBS 506.65,1,1,0,1,0,1
Ascomycota,"Penicillium canescens, ATCC 10419",1,1,1,1,0,1
Ascomycota,Penicillium commune ITEM 5150,1,1,1,1,1,1
Ascomycota,Penicillium nalgiovense FM193,1,1,1,1,1,1
Ascomycota,Penicillium capsulatum,1,1,1,1,1,1
Ascomycota,Penicillium daleae,1,1,1,1,1,1
Ascomycota,Peterozyma xylosa NRRL Y 12939,1,1,1,1,1,1
Ascomycota,Phialemonium thermophilum ATCC 24622,1,1,1,1,1,1
Mucoromycota,Phycomyces blakesleeanus NRRL 1555( ),0,0,0,0,0,0
Ascomycota,Pichia kudriavzevii CBS573,1,1,1,1,1,1
Ascomycota,Pichia membranifaciens NRRL Y 2026,1,1,1,1,0,1
Ascomycota,Piedraia hortae CBS 480.64,1,0,1,1,0,0
Ascomycota,Pleomassaria siparia CBS 279.74,0,1,0,1,0,1
Mucoromycota,Podila verticillata NRRL 6337,0,1,1,0,0,0
Ascomycota,Polychaeton citri CBS 116435,0,1,0,0,0,0
Basidiomycota,Pseudozyma aphidis,1,1,1,1,1,1
Ascomycota,Pyrenochaeta lycopersici MPI SDFR AT 0127 v1.0,1,1,1,1,1,1
Ascomycota,Pyricularia sp. CBS 133598,0,1,0,0,0,0
Ascomycota,Pyronema omphalodes CBS 100304,1,0,0,0,1,0
Ascomycota,Rasamsonia emersonii CBS 393.64,1,1,1,1,0,1
Ascomycota,Rhinocladiella mackenziei CBS 650.93,0,1,0,0,0,1
Mucoromycota,Rhizopus microsporus ATCC 52813,0,1,0,0,0,0
Basidiomycota,Rhodosporidium toruloides,1,1,1,1,1,1
Ascomycota,Saccharata proteae CBS 121410,0,1,1,1,0,0
Ascomycota,Saccharomyces cerevisiae S288C,1,1,0,0,1,0
Ascomycota,Saccharomyces kudriavzevii IFO 1802,1,1,0,0,1,0
Ascomycota,Saccharomyces mikatae IFO 1815,1,1,0,0,1,0
Ascomycota,Saccharomyces bayanus,1,1,1,1,1,1
Ascomycota,Saccharomyces cerevisiae,0,0,0,0,0,0
Ascomycota,Saccharomyces paradoxus,0,0,0,0,0,0
Ascomycota,Saccharomyces pastorianus,1,1,1,1,1,1
Ascomycota,Saitoella complicata NRRL Y 17804,1,0,1,0,0,0
Ascomycota,Sarocladium strictum UNK,1,1,1,1,1,1
Ascomycota,Scheffersomyces stipitis CBS 6054,1,1,1,0,0,1
Ascomycota,Scheffersomyces stipitis NRRL Y 7124T,1,1,1,1,1,1
Ascomycota,Schizosaccharomyces japonicus,1,1,1,1,1,1
Ascomycota,Spathaspora passalidarum NRRL Y 27907,1,1,1,0,0,1
Ascomycota,Sporormia fimetaria CBS 119925,1,0,1,1,0,0
Ascomycota,Sporothrix schenckii ATCC 58251,1,0,1,1,0,0
Ascomycota,Suhomyces tanzawaensis NRRL Y 17324,1,1,1,0,0,1
Ascomycota,Talaromyces marneffei ATCC 18224,0,0,0,1,0,1
Ascomycota,Talaromyces emersonii,1,1,1,1,1,1
Ascomycota,Talaromyces stipitatus,1,1,1,1,1,1
Ascomycota,Terfezia boudieri ATCC MYA 4762,0,0,0,0,0,1
Ascomycota,Tetrapisispora blattae CBS 6284,1,1,0,0,1,0
Ascomycota,Tetrapisispora phaffii CBS 4417,1,1,0,0,1,0
Ascomycota,Thermoascus crustaceus CBS 18167,1,1,1,1,1,1
Ascomycota,Thermochaetoides thermophila DSM 1495,0,1,1,1,0,0
Ascomycota,Thermothelomyces hinnuleus ATCC 52474,1,1,1,1,1,1
Ascomycota,Thermothelomyces thermophilus ATCC 42464,0,1,1,0,0,0
Ascomycota,Thermothielavioides terrestris NRRL 8126,0,0,1,1,0,0
Basidiomycota,Tilletiopsis washingtonensis MCA 4186 v1.0,1,1,1,1,1,1
Ascomycota,Tortispora caseinolytica NRRL Y 17796,1,1,0,0,0,1
Ascomycota,Torulaspora sp. CBS 2947,1,1,0,0,1,0
Ascomycota,Torulaspora delbrueckii,1,1,1,1,1,1
Basidiomycota,Tremella mesenterica DSM 1558,0,1,1,0,0,0
Ascomycota,Trichoderma asperellum CBS 433.97,0,0,1,0,0,0
Ascomycota,Trichoderma harzianum CBS 226.95,0,1,1,0,0,0
Ascomycota,Trichoderma longibrachiatum ATCC 18648,0,0,1,0,0,0
Ascomycota,Trichophyton benhamiae CBS 112371,0,1,1,1,1,1
Ascomycota,Trichophyton equinum CBS 127.97,0,1,1,1,1,1
Ascomycota,Trichophyton rubrum CBS 100081,0,1,1,1,1,1
Ascomycota,Trichophyton soudanense CBS 452.61,0,1,1,1,1,1
Ascomycota,Trichophyton tonsurans CBS 112818,0,1,1,1,1,1
Ascomycota,Trichosporon asahii var. asahii CBS 2479,0,1,1,0,0,0
Basidiomycota,Trichosporon oleaginosus IBC0246,1,1,1,1,0,1
Ascomycota,Vanderwaltozyma polyspora,1,1,1,1,1,1
Microsporidia,Vittaforma corneae ATCC 50505,0,0,0,0,0,1
Basidiomycota,Wallemia mellicola CBS 633.66,0,0,1,0,0,0
Basidiomycota,Wallemia sebi CBS 633.66,1,1,1,1,1,1
Ascomycota,Wickerhamomyces anomalus NRRL Y 366 8,1,1,1,1,0,1
Ascomycota,Wilcoxina mikolae CBS 423.85,1,0,0,0,0,0
Ascomycota,Xylaria sp. CBS 124048,0,1,0,0,0,0
Ascomycota,Yamadazyma tenuis,0,0,0,0,0,0
Ascomycota,Zasmidium cellare ATCC 36951,0,0,1,0,0,0
Ascomycota,Zopfia rhizophila CBS 207.26,0,1,0,0,0,1
Ascomycota,Zygosaccharomyces rouxii,1,1,1,1,1,1
Ascomycota,Candida arabinofermentans NRRL YB 2248,1,1,0,0,0,0
Mucoromycota,Absidia glauca,1,1,1,1,1,1
Basidiomycota,Acaromyces ingoldii,1,1,1,1,0,1
Glomeromycota,Acaulospora colombiana,1,1,1,1,1,1
Glomeromycota,Acaulospora morrowiae,1,1,1,1,1,1
Ascomycota,Achaetomium macrosporum,1,1,1,1,1,1
Ascomycota,Acidomyces richmondensis,1,1,1,1,1,1
Ascomycota,Acidomyces sp.,1,1,1,1,1,1
Ascomycota,Acremonium chrysogenum,1,1,1,1,1,1
Ascomycota,Acrodontium crateriforme,1,1,1,1,1,1
Mucoromycota,Actinomortierella ambigua,1,1,1,1,1,1
Basidiomycota,Agaricus bisporus,1,1,1,1,1,1
Basidiomycota,Agrocybe chaxingu,1,1,1,1,1,1
Basidiomycota,Agrocybe pediades,1,1,1,1,1,1
Ascomycota,Ajellomyces capsulatus,1,1,1,1,1,1
Ascomycota,Ajellomyces dermatitidis,1,1,1,1,1,1
Ascomycota,Akanthomyces lecanii,1,1,1,1,1,1
Ascomycota,Akanthomyces muscarius,1,1,1,1,1,1
Ascomycota,Alectoria fallacina,1,1,1,1,1,1
Ascomycota,Alectoria sarmentosa,1,1,1,1,1,1
Blastocladiomycota,Allomyces macrogynus,1,1,1,1,1,1
Ascomycota,Alternaria alternata,1,1,1,1,1,1
Ascomycota,Alternaria arborescens,0,0,0,0,0,0
Ascomycota,Alternaria atra,1,1,1,1,1,1
Ascomycota,Alternaria burnsii,1,1,1,1,1,1
Ascomycota,Alternaria gaisen,1,1,1,1,1,1
Ascomycota,Alternaria panax,1,1,1,1,1,1
Ascomycota,Alternaria sp.,1,1,1,1,1,1
Ascomycota,Alternaria tenuissima,1,1,1,1,1,1
Basidiomycota,Amanita muscaria,1,1,1,1,1,1
Basidiomycota,Amanita thiersii,1,1,1,1,1,1
Glomeromycota,Ambispora gerdemannii,1,1,1,1,1,1
Glomeromycota,Ambispora leptoticha,1,1,1,1,1,1
Ascomycota,Ambrosiozyma monospora,1,1,1,1,1,1
Ascomycota,Ampelomyces quisqualis,1,1,1,1,1,1
Microsporidia,Amphiamblys sp.,0,1,0,1,1,0
Ascomycota,Amylocarpus encephaloides,1,1,1,1,1,1
Neocallimastigomycota,Anaeromyces robustus,1,1,1,1,0,1
Microsporidia,Anncaliia algerae,1,1,0,1,1,1
Ascomycota,Annulohypoxylon stygium,1,1,1,1,1,1
Ascomycota,Anthostomella pinea,1,1,1,1,1,1
Basidiomycota,Anthracocystis flocculosa,1,1,1,1,1,1
Basidiomycota,Antrodiella citrinella,1,1,1,1,1,1
Ascomycota,Apiosordaria backusii,1,1,1,1,1,1
Ascomycota,Apiospora kogelbergensis,1,1,1,1,1,1
Basidiomycota,Apiotrichum porosum,1,1,1,1,1,1
Ascomycota,Apodospora peruviana,1,1,1,1,1,1
Mucoromycota,Apophysomyces ossiformis,1,1,1,1,1,1
Mucoromycota,Apophysomyces sp.,1,1,1,1,1,1
Ascomycota,Arachnomyces sp.,1,1,1,1,1,1
Basidiomycota,Armillaria borealis,1,1,1,1,1,1
Basidiomycota,Armillaria gallica,1,1,1,1,1,1
Basidiomycota,Armillaria luteobubalina,1,1,1,1,1,1
Basidiomycota,Armillaria novae zelandiae,1,1,1,1,1,1
Basidiomycota,Armillaria ostoyae,1,1,1,1,1,1
Basidiomycota,Armillaria solidipes,1,1,1,1,1,1
Basidiomycota,Armillaria tabescens,1,1,1,1,1,1
Ascomycota,Arthrobotrys conoides,1,1,1,1,1,1
Ascomycota,Arthrobotrys dactyloides,1,1,1,1,1,1
Ascomycota,Arthrobotrys flagrans,1,1,1,1,1,1
Ascomycota,Arthrobotrys musiformis,1,1,1,1,1,1
Ascomycota,Arthrobotrys oligospora,1,1,1,1,1,1
Ascomycota,Arthroderma benhamiae,1,1,1,1,1,1
Ascomycota,Arthroderma gypseum,1,1,1,1,1,1
Ascomycota,Arthroderma otae,1,1,1,1,1,1
Ascomycota,Arthroderma sp.,1,1,1,1,1,1
Basidiomycota,Artomyces pyxidatus,1,1,1,1,1,1
Ascomycota,Arxiozyma heterogenica,1,1,1,1,1,1
Ascomycota,Ascobolus immersus,1,1,1,1,0,1
Ascomycota,Ascochyta lentis,1,1,1,1,1,1
Ascomycota,Ascochyta rabiei,1,1,1,1,1,1
Ascomycota,Ascodesmis nigricans,1,1,1,1,1,1
Ascomycota,Ascosphaera apis,1,1,1,1,1,1
Ascomycota,Ashbya aceri,1,1,1,1,1,1
Ascomycota,Aspergillus arachidicola,1,1,1,1,1,1
Ascomycota,Aspergillus avenaceus,1,1,1,1,1,1
Ascomycota,Aspergillus awamori,1,1,1,1,1,1
Ascomycota,Aspergillus bertholletiae,1,1,1,1,1,1
Ascomycota,Aspergillus bombycis,1,1,1,1,1,1
Ascomycota,Aspergillus caelatus,1,1,1,1,1,1
Ascomycota,Aspergillus calidoustus,1,1,1,1,1,1
Ascomycota,Aspergillus campestris,1,1,1,1,0,1
Ascomycota,Aspergillus candidus,1,1,1,1,1,1
Ascomycota,Aspergillus carbonarius,1,1,1,1,0,1
Ascomycota,Aspergillus chevalieri,1,1,1,1,1,1
Ascomycota,Aspergillus coremiiformis,1,1,1,1,1,1
Ascomycota,Aspergillus cristatus,1,1,1,1,1,1
Ascomycota,Aspergillus felis,1,1,1,1,1,1
Ascomycota,Aspergillus fischeri,1,1,1,1,1,1
Ascomycota,Aspergillus fumigatiaffinis,1,1,1,1,1,1
Ascomycota,Aspergillus hiratsukae,1,1,1,1,1,1
Ascomycota,Aspergillus kawachii,1,1,1,1,1,1
Ascomycota,Aspergillus lacticoffeatus,1,1,1,1,0,1
Ascomycota,Aspergillus lentulus,0,0,0,0,0,0
Ascomycota,Aspergillus leporis,1,1,1,1,1,1
Ascomycota,Aspergillus melleus,1,1,1,1,1,1
Ascomycota,Aspergillus minisclerotigenes,1,1,1,1,1,1
Ascomycota,Aspergillus mulundensis,1,1,1,1,1,1
Ascomycota,Aspergillus nanangensis,1,1,1,1,1,1
Ascomycota,Aspergillus nidulans,1,1,1,1,1,1
Ascomycota,Aspergillus novofumigatus,1,1,1,1,0,1
Ascomycota,Aspergillus novoparasiticus,1,1,1,1,1,1
Ascomycota,Aspergillus ochraceoroseus,1,1,1,1,1,1
Ascomycota,Aspergillus oryzae,1,1,1,1,1,1
Ascomycota,Aspergillus parasiticus,1,1,1,1,1,1
Ascomycota,Aspergillus pseudocaelatus,1,1,1,1,1,1
Ascomycota,Aspergillus pseudonomiae,1,1,1,1,1,1
Ascomycota,Aspergillus pseudotamarii,1,1,1,1,1,1
Ascomycota,Aspergillus pseudoviridinutans,0,0,0,0,0,0
Ascomycota,Aspergillus puulaauensis,1,1,1,1,1,1
Ascomycota,Aspergillus rambellii,1,1,1,1,1,1
Ascomycota,Aspergillus saccharolyticus,1,1,1,1,0,1
Ascomycota,Aspergillus sclerotialis,1,1,1,1,1,1
Ascomycota,Aspergillus sergii,1,1,1,1,1,1
Ascomycota,Aspergillus sp.,1,1,1,1,1,1
Ascomycota,Aspergillus steynii,1,1,1,1,1,1
Ascomycota,Aspergillus taichungensis,1,1,1,1,1,1
Ascomycota,Aspergillus tamarii,1,1,1,1,1,1
Ascomycota,Aspergillus tanneri,1,1,1,1,1,1
Ascomycota,Aspergillus terreus,1,1,1,1,1,1
Ascomycota,Aspergillus thermomutatus,1,1,1,1,1,1
Ascomycota,Aspergillus transmontanensis,1,1,1,1,1,1
Ascomycota,Aspergillus turcosus,1,1,1,1,1,1
Ascomycota,Aspergillus udagawae,1,1,1,1,1,1
Ascomycota,Aspergillus ustus,1,1,0,0,0,1
Ascomycota,Aspergillus viridinutans,1,1,1,1,1,1
Ascomycota,Aspergillus welwitschiae,1,1,1,1,1,1
Ascomycota,Aspergillus wentii,1,1,1,1,1,1
Basidiomycota,Asterophora parasitica,1,1,1,1,1,1
Basidiomycota,Athelia sp.,1,1,1,1,1,1
Ascomycota,Aureobasidium melanogenum,1,1,1,1,1,1
Ascomycota,Aureobasidium mustum,1,1,1,1,1,1
Ascomycota,Aureobasidium pullulans,1,1,1,1,1,1
Ascomycota,Aureobasidium sp.,1,1,1,1,1,1
Ascomycota,Aureobasidium subglaciale,1,1,1,1,0,1
Ascomycota,Aureobasidium uvarum,1,1,1,1,1,1
Ascomycota,Aureobasidium vineae,1,1,1,1,1,1
Basidiomycota,Auricularia subglabra,1,1,1,0,0,1
Basidiomycota,Auriculariales sp.,1,1,1,1,1,1
Basidiomycota,Auriscalpium vulgare,1,1,1,1,1,1
Ascomycota,Australozyma saopauloensis,1,1,1,1,1,1
Basidiomycota,Austropuccinia psidii,1,1,1,1,1,1
Chytridiomycota,Batrachochytrium dendrobatidis,1,1,1,1,1,1
Chytridiomycota,Batrachochytrium salamandrivorans,1,1,1,1,1,1
Ascomycota,Baudoinia panamericana,1,1,1,1,0,1
Ascomycota,Beauveria asiatica,1,1,1,1,1,1
Ascomycota,Beauveria bassiana,1,1,1,1,1,1
Ascomycota,Beauveria brongniartii,1,1,1,1,1,1
Mucoromycota,Benniella sp.,1,1,1,1,1,1
Mucoromycota,Bifiguratus adelaidae,1,1,1,1,1,1
Ascomycota,Bionectria ochroleuca,1,1,1,1,1,1
Ascomycota,Bipolaris sorokiniana,1,1,1,1,1,1
Ascomycota,Bipolaris victoriae,1,1,1,1,1,1
Ascomycota,Bipolaris zeicola,1,1,1,1,0,1
Ascomycota,Blastomyces gilchristii,1,1,1,1,1,1
Ascomycota,Blastomyces parvus,1,1,1,1,1,1
Ascomycota,Blastomyces percursus,1,1,1,1,1,1
Ascomycota,Blastomyces silverae,1,1,1,1,1,1
Ascomycota,Blumeria graminis,1,1,1,1,1,1
Ascomycota,Blumeria hordei,1,1,1,1,1,1
Chytridiomycota,Blyttiomyces helicus,1,1,1,1,1,1
Ascomycota,Boeremia exigua,1,1,1,1,1,1
Ascomycota,Bogoriella megaspora,1,1,1,1,1,1
Basidiomycota,Boletus edulis,1,1,1,1,1,1
Basidiomycota,Boletus reticuloceps,1,1,1,1,1,1
Ascomycota,Bombardia bombarda,1,1,1,1,1,1
Basidiomycota,Bondarzewia mesenterica,1,1,1,1,1,1
Chytridiomycota,Boothiomyces macroporosus,1,1,1,1,1,1
Basidiomycota,Botryobasidium botryosum,1,1,1,1,1,1
Ascomycota,Botryosphaeria dothidea,1,1,1,1,1,1
Ascomycota,Botryosphaeria parva,1,1,1,1,1,1
Ascomycota,Botryotinia calthae,1,1,1,1,1,1
Ascomycota,Botryotinia convoluta,1,1,1,1,1,1
Ascomycota,Botryotinia fuckeliana,1,1,1,1,1,1
Ascomycota,Botryotinia narcissicola,1,1,1,1,1,1
Ascomycota,Botrytis byssoidea,1,1,1,1,1,1
Ascomycota,Botrytis cinerea,1,1,1,1,1,1
Ascomycota,Botrytis deweyae,1,1,1,1,1,1
Ascomycota,Botrytis elliptica,1,1,1,1,1,1
Ascomycota,Botrytis fragariae,1,1,1,1,1,1
Ascomycota,Botrytis galanthina,1,1,1,1,1,1
Ascomycota,Botrytis hyacinthi,1,1,1,1,1,1
Ascomycota,Botrytis paeoniae,1,1,1,1,1,1
Ascomycota,Botrytis porri,1,1,1,1,1,1
Ascomycota,Botrytis tulipae,1,1,1,1,1,1
Ascomycota,Brettanomyces bruxellensis,1,1,1,1,1,1
Ascomycota,Brettanomyces naardenensis,1,1,1,1,1,1
Ascomycota,Byssochlamys spectabilis,1,1,1,1,1,1
Ascomycota,Byssothecium circinans,1,1,1,1,1,1
Ascomycota,Cadophora malorum,1,1,1,1,1,1
Ascomycota,Cadophora sp.,1,1,1,1,0,1
Basidiomycota,Calocera cornea,1,1,1,1,1,1
Basidiomycota,Calocera viscosa,1,1,1,1,1,1
Ascomycota,Calycina marina,1,1,1,1,1,1
Ascomycota,Canariomyces notabilis,1,1,1,1,0,1
Ascomycota,Candida africana,1,1,1,1,1,1
Ascomycota,Candida dubliniensis,1,1,1,1,1,1
Ascomycota,Candida glabrata,1,1,1,1,1,1
Ascomycota,Candida maltosa,1,1,1,1,1,1
Ascomycota,Candida metapsilosis,1,1,1,1,1,1
Ascomycota,Candida orthopsilosis,1,1,1,1,1,1
Ascomycota,Candida oxycetoniae,1,1,1,1,1,1
Ascomycota,Candida tenuis,1,1,1,1,0,1
Ascomycota,Candida theae,1,1,1,1,1,1
Ascomycota,Candida tropicalis,1,1,1,1,1,1
Ascomycota,Candida verbasci,1,1,1,1,1,1
Ascomycota,Candida viswanathii,1,1,1,1,1,1
Ascomycota,Candidozyma auris,1,1,1,1,1,1
Ascomycota,Candidozyma duobushaemuli,1,1,1,1,1,1
Ascomycota,Candidozyma haemuli,1,1,1,1,1,1
Ascomycota,Candidozyma pseudohaemuli,1,1,1,1,1,1
Basidiomycota,Candolleomyces aberdarensis,1,1,1,1,1,1
Basidiomycota,Candolleomyces eurysporus,1,1,1,1,1,1
Blastocladiomycota,Catenaria anguillulae,1,1,1,1,1,1
Chytridiomycota,Caulochytrium protostelioides,1,1,1,1,1,1
Ascomycota,Cenococcum geophilum,1,1,0,0,1,1
Ascomycota,Cephalotrichum gorgonifer,1,1,1,1,1,1
Basidiomycota,Ceraceosorus bombacis,1,1,1,0,1,1
Basidiomycota,Ceraceosorus guamensis,1,1,1,1,1,1
Basidiomycota,Ceratobasidium sp.,1,1,1,1,1,1
Basidiomycota,Ceratobasidium theobromae,1,1,1,1,1,1
Ascomycota,Cercophora newfieldiana,1,1,1,1,1,1
Ascomycota,Cercophora samala,1,1,1,1,1,1
Ascomycota,Cercophora scortea,1,1,1,1,1,1
Ascomycota,Cercophora sp.,1,1,1,1,1,1
Ascomycota,Cercospora berteroae,1,1,1,1,1,1
Ascomycota,Cercospora beticola,1,1,1,1,1,1
Ascomycota,Cercospora kikuchii,1,1,1,1,1,1
Ascomycota,Cercospora zeae maydis,1,1,1,1,0,1
Basidiomycota,Ceriporiopsis subvermispora,1,1,1,1,1,1
Basidiomycota,Cerrena zonata,1,1,1,1,1,1
Glomeromycota,Cetraspora pellucida,1,1,1,1,1,1
Ascomycota,Chaenotheca gracillima,1,1,1,1,1,1
Ascomycota,Chaetomidium leptoderma,1,1,1,1,1,1
Ascomycota,Chaetomium fimeti,1,1,1,1,1,1
Ascomycota,Chaetomium globosum,1,1,1,1,1,1
Ascomycota,Chaetomium sp.,1,1,1,1,1,1
Ascomycota,Chaetomium strumarium,1,1,1,1,1,1
Ascomycota,Chaetomium tenue,1,1,1,1,1,1
Mucoromycota,Choanephora cucurbitarum,1,1,1,1,1,1
Ascomycota,Choiromyces venosus,1,1,1,1,0,1
Chytridiomycota,Chytriomyces confervae,1,1,1,1,1,1
Mucoromycota,Circinella minor,1,1,1,1,1,1
Ascomycota,Cirrosporium novae zelandiae,1,1,1,1,1,1
Ascomycota,Cladonia borealis,1,1,1,1,1,1
Ascomycota,Cladophialophora chaetospira,1,1,1,1,1,1
Ascomycota,Cladophialophora immunda,1,1,1,1,1,1
Ascomycota,Cladorrhinum samala,1,1,1,1,1,1
Ascomycota,Cladorrhinum sp.,1,1,1,1,1,1
Ascomycota,Cladosporium halotolerans,1,1,1,1,1,1
Ascomycota,Clathrospora elynae,1,1,1,1,1,1
Basidiomycota,Clathrus columnatus,1,1,1,1,1,1
Ascomycota,Claussenomyces sp.,1,1,1,1,1,1
Ascomycota,Claviceps aff.,1,1,1,1,1,1
Ascomycota,Claviceps africana,1,1,1,1,1,1
Ascomycota,Claviceps arundinis,1,1,1,1,1,1
Ascomycota,Claviceps humidiphila,1,1,1,1,1,1
Ascomycota,Claviceps pazoutovae,1,1,1,1,1,1
Ascomycota,Claviceps purpurea,1,1,1,1,1,1
Ascomycota,Claviceps pusilla,1,1,1,1,1,1
Ascomycota,Claviceps sp.,1,1,1,1,1,1
Basidiomycota,Clavulina sp.,1,1,1,1,1,1
Ascomycota,Clohesyomyces aquaticus,1,1,1,1,1,1
Ascomycota,Clonostachys byssicola,1,1,1,1,1,1
Ascomycota,Clonostachys chloroleuca,1,1,1,1,1,1
Ascomycota,Clonostachys rhizophaga,1,1,1,1,1,1
Ascomycota,Clonostachys rosea,1,1,1,1,1,1
Ascomycota,Clonostachys solani,1,1,1,1,1,1
Chytridiomycota,Clydaea vesicula,1,1,1,1,1,1
Ascomycota,Coccidioides immitis,1,1,1,1,1,1
Ascomycota,Coccidioides posadasii,1,1,1,1,1,1
Ascomycota,Cochliobolus carbonum,1,1,1,1,0,1
Ascomycota,Cochliobolus heterostrophus,1,1,1,1,0,1
Ascomycota,Cochliobolus sativus,1,1,1,1,1,1
Mucoromycota,Coemansia aciculifera,1,1,1,1,1,1
Mucoromycota,Coemansia asiatica,1,1,1,1,1,1
Mucoromycota,Coemansia biformis,1,1,1,1,1,1
Mucoromycota,Coemansia brasiliensis,1,1,1,1,1,1
Mucoromycota,Coemansia erecta,1,1,1,1,1,1
Mucoromycota,Coemansia furcata,1,1,1,1,1,1
Mucoromycota,Coemansia guatemalensis,1,1,1,1,1,1
Mucoromycota,Coemansia helicoidea,1,1,1,1,0,1
Mucoromycota,Coemansia interrupta,1,1,1,0,1,1
Mucoromycota,Coemansia javaensis,1,1,1,1,1,1
Mucoromycota,Coemansia linderi,1,1,1,1,1,1
Mucoromycota,Coemansia nantahalensis,1,1,1,1,1,1
Mucoromycota,Coemansia pectinata,1,1,1,1,1,1
Mucoromycota,Coemansia reversa,1,1,1,1,0,1
Zoopagomycota,Coemansia sp.,1,1,1,1,1,1
Mucoromycota,Coemansia spiralis,1,1,1,1,1,1
Mucoromycota,Coemansia thaxteri,1,1,1,1,1,1
Mucoromycota,Coemansia umbellata,1,1,1,1,1,1
Ascomycota,Coleophoma crateriformis,1,1,1,1,1,1
Ascomycota,Coleophoma cylindrospora,1,1,1,1,1,1
Ascomycota,Collariella sp.,1,1,1,1,1,1
Ascomycota,Colletotrichum abscissum,1,1,1,1,1,1
Ascomycota,Colletotrichum asianum,1,1,1,1,1,1
Ascomycota,Colletotrichum chlorophyti,1,1,1,1,1,1
Ascomycota,Colletotrichum chrysophilum,1,1,1,1,1,1
Ascomycota,Colletotrichum costaricense,1,1,1,1,1,1
Ascomycota,Colletotrichum cuscutae,1,1,1,1,1,1
Ascomycota,Colletotrichum destructivum,1,1,1,1,1,1
Ascomycota,Colletotrichum fioriniae,1,1,1,1,1,1
Ascomycota,Colletotrichum fructicola,0,0,0,0,0,0
Ascomycota,Colletotrichum gloeosporioides,0,0,0,0,0,0
Ascomycota,Colletotrichum godetiae,1,1,1,1,1,1
Ascomycota,Colletotrichum graminicola,1,1,1,1,1,1
Ascomycota,Colletotrichum higginsianum,1,1,1,1,1,1
Ascomycota,Colletotrichum incanum,1,1,1,1,1,1
Ascomycota,Colletotrichum kahawae,1,1,1,1,1,1
Ascomycota,Colletotrichum karsti,1,1,1,1,1,1
Ascomycota,Colletotrichum limetticola,1,1,1,1,1,1
Ascomycota,Colletotrichum liriopes,1,1,1,1,1,1
Ascomycota,Colletotrichum lupini,1,1,1,1,1,1
Ascomycota,Colletotrichum melonis,1,1,1,1,1,1
Ascomycota,Colletotrichum musicola,1,1,1,1,1,1
Ascomycota,Colletotrichum navitas,1,1,1,1,1,1
Ascomycota,Colletotrichum noveboracense,1,1,1,1,1,1
Ascomycota,Colletotrichum nymphaeae,1,1,1,1,1,1
Ascomycota,Colletotrichum orbiculare,1,1,1,1,1,1
Ascomycota,Colletotrichum orchidophilum,1,1,1,1,1,1
Ascomycota,Colletotrichum paranaense,1,1,1,1,1,1
Ascomycota,Colletotrichum phormii,1,1,1,1,1,1
Ascomycota,Colletotrichum plurivorum,1,1,1,1,1,1
Ascomycota,Colletotrichum salicis,1,1,1,1,1,1
Ascomycota,Colletotrichum scovillei,1,1,1,1,1,1
Ascomycota,Colletotrichum shisoi,1,1,1,1,1,1
Ascomycota,Colletotrichum siamense,1,1,1,1,1,1
Ascomycota,Colletotrichum sidae,1,1,1,1,1,1
Ascomycota,Colletotrichum simmondsii,1,1,1,1,1,1
Ascomycota,Colletotrichum sojae,1,1,1,1,1,1
Ascomycota,Colletotrichum sp.,1,1,1,1,1,1
Ascomycota,Colletotrichum spaethianum,1,1,1,1,1,1
Ascomycota,Colletotrichum spinosum,1,1,1,1,1,1
Ascomycota,Colletotrichum sublineola,1,1,1,1,1,1
Ascomycota,Colletotrichum tabaci,1,1,1,1,1,1
Ascomycota,Colletotrichum tamarilloi,1,1,1,1,1,1
Ascomycota,Colletotrichum tanaceti,1,1,1,1,1,1
Ascomycota,Colletotrichum tofieldiae,1,1,1,1,1,1
Ascomycota,Colletotrichum trifolii,1,1,1,1,1,1
Ascomycota,Colletotrichum truncatum,1,1,1,1,1,1
Ascomycota,Colletotrichum zoysiae,1,1,1,1,0,1
Basidiomycota,Collybia nuda,1,1,1,1,0,1
Basidiomycota,Collybia sordida,0,0,0,0,0,0
Basidiomycota,Collybiopsis confluens,1,1,1,1,1,1
Basidiomycota,Collybiopsis luxurians,1,1,1,1,0,1
Ascomycota,Coniella lustricola,1,1,1,1,1,1
Ascomycota,Coniochaeta hoffmannii,1,1,1,1,1,1
Ascomycota,Coniochaeta pulveracea,1,1,1,1,1,1
Ascomycota,Coniochaeta sp.,1,1,1,1,1,1
Basidiomycota,Coniophora puteana,1,1,1,1,0,1
Ascomycota,Coniosporium tulheliwenetii,1,1,1,1,1,1
Ascomycota,Coniosporium uncinatum,1,1,1,1,1,1
Ascomycota,Conoideocrella luteorostrata,1,1,1,1,1,1
Basidiomycota,Coprinellus micaceus,1,1,1,1,1,1
Basidiomycota,Coprinopsis cinerea,1,1,1,1,1,1
Basidiomycota,Coprinopsis marcescibilis,1,1,1,1,0,1
Ascomycota,Copromyces sp.,1,1,1,1,1,1
Ascomycota,Cordyceps confragosa,1,1,1,1,1,1
Ascomycota,Cordyceps fumosorosea,1,1,1,1,1,1
Ascomycota,Cordyceps javanica,1,1,1,1,1,1
Ascomycota,Cordyceps militaris,1,1,1,1,1,1
Ascomycota,Cordyceps sp.,1,1,1,1,1,1
Ascomycota,Corynascus novoguineensis,1,1,1,1,1,1
Ascomycota,Corynespora cassiicola,1,1,1,1,1,1
Basidiomycota,Crepidotus variabilis,1,1,1,1,0,1
Basidiomycota,Cristinia sonorae,1,1,1,1,1,1
Basidiomycota,Cronartium quercuum,1,1,1,1,1,1
Basidiomycota,Crucibulum laeve,1,1,1,1,0,1
Ascomycota,Cryoendolithus antarcticus,1,1,1,1,1,1
Ascomycota,Cryomyces antarcticus,1,1,1,1,1,1
Ascomycota,Cryomyces minteri,1,1,1,1,1,1
Ascomycota,Cryphonectria parasitica,0,0,0,0,0,0
Basidiomycota,Cryptococcus bacillisporus,1,1,1,1,1,1
Basidiomycota,Cryptococcus floricola,1,1,1,1,1,1
Basidiomycota,Cryptococcus gattii,1,1,1,1,1,1
Basidiomycota,Cryptococcus neoformans,1,1,1,1,1,1
Basidiomycota,Cryptococcus tetragattii,1,1,1,1,1,1
Ascomycota,Cudoniella acicularis,1,1,1,1,1,1
Ascomycota,Curvularia clavata,1,1,1,1,1,1
Ascomycota,Curvularia kusanoi,1,1,1,1,1,1
Basidiomycota,Cutaneotrichosporon cavernicola,1,1,1,1,1,1
Basidiomycota,Cutaneotrichosporon oleaginosum,1,1,1,1,0,1
Basidiomycota,Cutaneotrichosporon sp.,1,1,1,1,1,1
Basidiomycota,Cutaneotrichosporon spelunceum,1,1,1,1,1,1
Ascomycota,Cyberlindnera fabianii,1,1,1,0,1,1
Basidiomycota,Cyclocybe aegerita,1,1,1,1,1,1
Basidiomycota,Cylindrobasidium torrendii,1,1,1,1,0,1
Ascomycota,Cylindrodendrum hubeiense,1,1,1,1,1,1
Ascomycota,Cyphellophora attinorum,1,1,1,1,1,1
Basidiomycota,Cyphobasidiales sp.,1,1,1,1,1,1
Ascomycota,Cytospora chrysosperma,1,1,1,1,1,1
Ascomycota,Cytospora leucostoma,1,1,1,1,1,1
Ascomycota,Cytospora mali,1,1,1,1,0,1
Ascomycota,Cytospora paraplurivora,1,1,1,1,1,1
Basidiomycota,Dacryopinax primogenitus,1,1,1,1,0,1
Ascomycota,Dactylonectria estremocensis,1,1,1,1,1,1
Ascomycota,Dactylonectria macrodidyma,1,1,1,1,1,1
Basidiomycota,Daedalea quercina,1,1,1,1,1,1
Ascomycota,Daldinia eschscholtzii,1,1,1,1,1,1
Ascomycota,Daldinia sp.,1,1,1,1,0,1
Ascomycota,Debaryomyces fabryi,1,1,1,1,1,1
Ascomycota,Decorospora gaudefroyi,1,1,1,1,0,1
Ascomycota,Dekkera bruxellensis,1,1,1,1,1,1
Ascomycota,Dendryphion nanum,1,1,1,1,1,1
Basidiomycota,Dentipellis fragilis,1,1,1,1,1,1
Basidiomycota,Dentipellis sp.,1,1,1,1,1,1
Glomeromycota,Dentiscutata erythropus,1,1,1,1,1,1
Glomeromycota,Dentiscutata heterogama,1,1,1,1,1,1
Ascomycota,Diaporthe ampelina,1,1,1,1,1,1
Ascomycota,Diaporthe eres,1,1,1,1,1,1
Ascomycota,Diaporthe helianthi,1,1,1,1,1,1
Ascomycota,Diatrype stigma,1,1,1,1,1,1
Basidiomycota,Dichomitus squalens,1,1,1,1,1,1
Ascomycota,Dichotomopilus funicola,1,1,1,1,1,1
Ascomycota,Didymella glomerata,1,1,1,1,1,1
Ascomycota,Didymella heteroderae,1,1,1,1,1,1
Ascomycota,Didymella pomorum,1,1,1,1,1,1
Ascomycota,Didymella rabiei,1,1,1,1,1,1
Ascomycota,Didymella sp.,1,1,1,1,1,1
Ascomycota,Didymosphaeria variabile,1,1,1,1,1,1
Mucoromycota,Dimargaris cristalligena,1,1,1,1,0,1
Mucoromycota,Dimargaris verticillata,1,1,1,1,1,1
Ascomycota,Diplocarpon coronariae,1,1,1,1,1,1
Ascomycota,Diplocarpon rosae,1,1,1,1,1,1
Ascomycota,Diplodia corticola,1,1,1,1,1,1
Ascomycota,Diplodia seriata,1,1,1,1,1,1
Ascomycota,Diplogelasinospora grovesii,1,1,1,1,1,1
Mucoromycota,Dispira parvispora,1,1,1,1,1,1
Mucoromycota,Dissophora globulifera,1,1,1,1,1,1
Ascomycota,Diutina rugosa,1,1,1,1,1,1
Glomeromycota,Diversispora eburnea,1,1,1,1,1,1
Glomeromycota,Diversispora epigaea,1,1,1,1,1,1
Ascomycota,Dothideomycetidae sp.,1,1,1,1,1,1
Ascomycota,Dothistroma septosporum,1,1,1,1,0,1
Ascomycota,Drechmeria coniospora,1,1,1,1,1,1
Ascomycota,Drechslerella stenobrocha,1,1,1,0,1,1
Ascomycota,Drepanopeziza brunnea,1,1,1,1,1,1
Ascomycota,Echria macrotheca,1,1,1,1,1,1
Microsporidia,Edhazardia aedis,1,1,0,0,1,1
Ascomycota,Eeniella nana,1,1,1,1,1,1
Ascomycota,Elaphomyces granulatus,1,1,1,1,1,1
Ascomycota,Elasticomyces elasticus,1,1,1,1,1,1
Ascomycota,Elsinoe ampelina,1,1,1,1,1,1
Ascomycota,Elsinoe australis,1,1,1,1,1,1
Ascomycota,Elsinoe batatas,1,1,1,1,1,1
Ascomycota,Emergomyces africanus,1,1,1,1,1,1
Ascomycota,Emergomyces pasteurianus,1,1,1,1,1,1
Ascomycota,Emericella nidulans,1,1,1,1,1,1
Ascomycota,Emericellopsis atlantica,1,1,1,1,1,1
Ascomycota,Emericellopsis cladophorae,1,1,1,1,1,1
Ascomycota,Emmonsia crescens,1,1,1,1,1,1
Ascomycota,Emmonsia sp. CAC 2015a,1,1,1,1,1,1
Ascomycota,Emmonsiellopsis sp.,1,1,1,1,1,1
Ascomycota,Emydomyces testavorans,1,1,1,1,1,1
Microsporidia,Encephalitozoon cuniculi,0,1,1,1,1,1
Microsporidia,Encephalitozoon intestinalis,0,1,0,1,1,1
Microsporidia,Encephalitozoon romaleae,0,1,0,1,1,1
Ascomycota,Endocarpon pusillum,1,1,1,1,1,1
Mucoromycota,Endogone sp.,1,1,1,1,1,1
Microsporidia,Enterocytozoon bieneusi,0,1,0,1,1,1
Microsporidia,Enterocytozoon hepatopenaei,0,1,0,1,1,1
Microsporidia,Enterospora canceri,0,1,0,1,1,1
Entomophthoromycota,Entomophthora muscae,1,1,1,1,1,1
Mucoromycota,Entomortierella chlamydospora,1,1,1,1,1,1
Mucoromycota,Entomortierella parvispora,1,1,1,1,1,1
Glomeromycota,Entrophospora sp.,1,1,1,1,0,1
Ascomycota,Epichloe festucae,1,1,1,1,1,1
Ascomycota,Epicoccum nigrum,1,1,1,1,1,1
Ascomycota,Eremothecium cymbalariae,1,1,1,1,1,1
Ascomycota,Eremothecium sinecaudum,1,1,1,1,1,1
Ascomycota,Erysiphe neolycopersici,1,1,1,1,1,1
Ascomycota,Erysiphe pulchra,1,1,1,1,1,1
Ascomycota,Escovopsis weberi,1,1,1,1,1,1
Ascomycota,Eutypa lata,1,1,1,1,1,1
Basidiomycota,Exidia glandulosa,1,1,1,1,1,1
Ascomycota,Exophiala bonariae,1,1,1,1,1,1
Ascomycota,Exophiala dermatitidis,1,1,1,1,1,1
Ascomycota,Exophiala mesophila,1,1,1,1,1,1
Ascomycota,Exophiala oligosperma,1,1,1,1,1,1
Ascomycota,Exophiala sideris,1,1,1,1,1,1
Ascomycota,Exophiala sp.,1,1,1,1,1,1
Ascomycota,Exophiala spinifera,1,1,1,1,1,1
Ascomycota,Exophiala viscosa,1,1,1,1,1,1
Ascomycota,Exophiala xenobiotica,1,1,1,1,1,1
Ascomycota,Exserohilum turcicum,1,1,1,1,0,1
Ascomycota,Extremus antarcticus,1,1,1,1,1,1
Basidiomycota,Favolaschia claudopus,1,1,1,1,1,1
Basidiomycota,Fibroporia radiculosa,1,1,0,1,1,1
Basidiomycota,Filobasidium floriforme,1,1,1,1,1,1
Basidiomycota,Fomitiporia mediterranea,0,1,0,0,0,0
Basidiomycota,Fomitopsis pinicola,0,0,0,0,0,0
Basidiomycota,Fomitopsis schrenkii,1,1,1,1,0,1
Ascomycota,Fonsecaea erecta,1,1,1,1,1,1
Ascomycota,Fonsecaea monophora,1,1,1,1,1,1
Ascomycota,Fonsecaea nubica,1,1,1,1,1,1
Ascomycota,Friedmanniomyces endolithicus,1,1,1,1,1,1
Ascomycota,Friedmanniomyces simplex,1,1,1,1,1,1
Glomeromycota,Funneliformis caledonium,1,1,1,1,1,1
Glomeromycota,Funneliformis geosporum,1,1,1,1,1,1
Glomeromycota,Funneliformis mosseae,1,1,1,1,1,1
Mucoromycota,Furculomyces boomerangus,1,1,1,0,1,1
Ascomycota,Fusarium acutatum,1,1,1,1,1,1
Ascomycota,Fusarium agapanthi,1,1,1,1,1,1
Ascomycota,Fusarium albosuccineum,1,1,1,1,1,1
Ascomycota,Fusarium ambrosium,1,1,1,1,1,1
Ascomycota,Fusarium anthophilum,1,1,1,1,1,1
Ascomycota,Fusarium austroafricanum,1,1,1,1,1,1
Ascomycota,Fusarium austroamericanum,1,1,1,1,1,1
Ascomycota,Fusarium avenaceum,1,1,1,1,1,1
Ascomycota,Fusarium beomiforme,1,1,1,1,1,1
Ascomycota,Fusarium circinatum,1,1,1,1,1,1
Ascomycota,Fusarium coffeatum,1,1,1,1,1,1
Ascomycota,Fusarium culmorum,1,1,1,0,1,1
Ascomycota,Fusarium decemcellulare,1,1,1,1,1,1
Ascomycota,Fusarium denticulatum,1,1,1,1,1,1
Ascomycota,Fusarium duplospermum,1,1,1,1,1,1
Ascomycota,Fusarium equiseti,1,1,1,1,1,1
Ascomycota,Fusarium euwallaceae,1,1,1,1,1,1
Ascomycota,Fusarium falciforme,1,1,1,1,1,1
Ascomycota,Fusarium flagelliforme,1,1,1,1,1,1
Ascomycota,Fusarium floridanum,1,1,1,1,1,1
Ascomycota,Fusarium fujikuroi,1,1,1,1,1,1
Ascomycota,Fusarium gaditjirri,1,1,1,1,1,1
Ascomycota,Fusarium globosum,1,1,1,1,1,1
Ascomycota,Fusarium heterosporum,1,1,1,1,1,1
Ascomycota,Fusarium irregulare,1,1,1,1,1,1
Ascomycota,Fusarium keratoplasticum,1,1,1,1,0,1
Ascomycota,Fusarium kuroshium,1,1,1,1,1,1
Ascomycota,Fusarium langsethiae,1,1,1,1,1,1
Ascomycota,Fusarium longipes,1,1,1,1,1,1
Ascomycota,Fusarium mangiferae,0,0,0,0,0,0
Ascomycota,Fusarium mexicanum,1,1,1,1,1,1
Ascomycota,Fusarium mundagurra,1,1,1,1,1,1
Ascomycota,Fusarium musae,1,1,1,1,1,1
Ascomycota,Fusarium napiforme,1,1,1,1,1,1
Ascomycota,Fusarium oligoseptatum,1,1,1,1,1,1
Ascomycota,Fusarium phyllophilum,1,1,1,1,1,1
Ascomycota,Fusarium piperis,1,1,1,1,1,1
Ascomycota,Fusarium poae,1,1,1,1,1,1
Ascomycota,Fusarium proliferatum,0,0,0,0,0,0
Ascomycota,Fusarium pseudoanthophilum,1,1,1,1,1,1
Ascomycota,Fusarium pseudocircinatum,1,1,1,1,1,1
Ascomycota,Fusarium pseudograminearum,1,1,1,1,1,1
Ascomycota,Fusarium sarcochroum,1,1,1,1,1,1
Ascomycota,Fusarium solani,1,1,1,1,1,1
Ascomycota,Fusarium sporotrichioides,1,1,1,1,1,1
Ascomycota,Fusarium tjaetaba,1,1,1,1,1,1
Ascomycota,Fusarium torreyae,1,1,1,1,1,1
Ascomycota,Fusarium torulosum,1,1,1,1,1,1
Ascomycota,Fusarium tricinctum,1,1,1,1,1,1
Ascomycota,Fusarium vanettenii,1,1,1,1,0,1
Ascomycota,Fusarium venenatum,1,1,1,1,1,1
Ascomycota,Fusarium verticillioides,1,1,1,1,1,1
Ascomycota,Fusarium xylarioides,1,1,1,1,1,1
Ascomycota,Fusarium zealandicum,1,1,1,1,1,1
Ascomycota,Gaeumannomyces tritici,0,0,0,0,0,0
Basidiomycota,Ganoderma sinense,1,1,1,1,1,1
Ascomycota,Geosmithia morbida,1,1,1,1,1,1
Ascomycota,Geotrichum candidum,1,1,1,1,0,1
Ascomycota,Geotrichum galactomycetum,1,1,1,1,1,1
Chytridiomycota,Geranomyces variabilis,1,1,1,1,1,1
Ascomycota,Gibberella fujikuroi,1,1,1,1,1,1
Ascomycota,Gibberella intermedia,1,1,1,1,1,1
Ascomycota,Gibberella moniliformis,1,1,1,1,1,1
Ascomycota,Gibberella nygamai,1,1,1,1,1,1
Ascomycota,Gibberella subglutinans,1,1,1,1,1,1
Ascomycota,Gibberella zeae,1,1,1,1,1,1
Glomeromycota,Gigaspora margarita,1,1,1,1,1,1
Glomeromycota,Gigaspora rosea,1,1,1,1,1,1
Ascomycota,Glomerella acutata,1,1,1,1,1,1
Glomeromycota,Glomus cerebriforme,1,1,1,1,1,1
Ascomycota,Glonium stellatum,1,1,1,1,1,1
Ascomycota,Glutinoglossum americanum,1,1,1,1,1,1
Ascomycota,Gnomoniopsis smithogilvyi,1,1,1,1,1,1
Ascomycota,Gnomoniopsis sp.,1,1,1,0,1,1
Ascomycota,Golovinomyces cichoracearum,1,1,1,1,1,1
Ascomycota,Golovinomyces magnicellulatus,1,1,1,1,1,1
Ascomycota,Gomphillus americanus,1,1,1,1,1,1
Chytridiomycota,Gonapodya prolifera,1,1,1,1,1,1
Basidiomycota,Grifola frondosa,0,0,0,0,0,0
Ascomycota,Grosmannia clavigera,0,0,0,0,0,0
Basidiomycota,Guyanagaster necrorhizus,1,1,1,1,0,1
Basidiomycota,Gymnopilus dilepis,1,1,1,1,1,1
Basidiomycota,Gymnopilus junonius,1,1,1,1,1,1
Basidiomycota,Gymnopus androsaceus,1,1,1,1,1,1
Basidiomycota,Gymnopus luxurians,1,1,1,1,0,1
Microsporidia,Hamiltosporidium magnivora,1,1,0,1,1,1
Microsporidia,Hamiltosporidium tvaerminnensis,1,1,0,1,1,1
Basidiomycota,Hebeloma cylindrosporum,1,1,1,1,0,1
Ascomycota,Helicocarpus griseus,1,1,1,1,1,1
Basidiomycota,Heliocybe sulcata,1,1,1,1,1,1
Ascomycota,Henningerozyma blattae,1,1,1,1,1,1
Microsporidia,Hepatospora eriocheir,0,1,0,0,1,1
Basidiomycota,Hericium alpestre,1,1,1,1,1,1
Basidiomycota,Hermanssonia centrifuga,1,1,1,1,1,1
Mucoromycota,Hesseltinella vesiculosa,1,1,1,1,0,1
Basidiomycota,Heterobasidion irregulare,1,1,1,1,1,1
Ascomycota,Heterodermia speciosa,1,1,1,1,1,1
Ascomycota,Hirsutella minnesotensis,1,1,1,0,1,1
Ascomycota,Hirsutella rhossiliensis,1,1,1,1,1,1
Ascomycota,Histoplasma capsulatum,1,1,1,1,1,1
Ascomycota,Histoplasma ohiense,1,1,1,1,1,1
Ascomycota,Hortaea werneckii,1,1,1,0,1,1
Ascomycota,Huiozyma naganishii,1,1,1,1,1,1
Ascomycota,Hyaloscypha bicolor,1,1,1,1,0,1
Ascomycota,Hyaloscypha hepaticicola,1,1,1,1,1,1
Ascomycota,Hyaloscypha variabilis,1,1,1,1,1,1
Basidiomycota,Hydnomerulius pinastri,1,1,1,0,0,1
Basidiomycota,Hydnum rufescens,1,1,1,1,1,1
Basidiomycota,Hygrophoropsis aurantiaca,1,1,1,1,1,1
Ascomycota,Hymenoscyphus albidus,1,1,1,1,1,1
Ascomycota,Hymenoscyphus fraxineus,1,1,1,1,1,1
Ascomycota,Hyphodiscus hymeniophilus,1,1,1,1,1,1
Basidiomycota,Hypholoma sublateritium,1,1,1,1,0,1
Ascomycota,Hypocrea atroviridis,1,1,1,1,1,1
Ascomycota,Hypocrea jecorina,1,1,1,1,0,1
Ascomycota,Hypocrea virens,1,1,1,1,1,1
Ascomycota,Hypoxylon sp.,1,1,1,1,0,1
Basidiomycota,Hypsizygus marmoreus,1,1,1,1,1,1
Ascomycota,Icmadophila ericetorum,1,1,1,1,1,1
Ascomycota,Ilyonectria sp.,1,1,1,1,1,1
Ascomycota,Immersiella caudata,1,1,1,1,1,1
Ascomycota,Imshaugia aleurites,1,1,1,1,1,1
Basidiomycota,Irpex rosettiformis,1,1,1,1,1,1
Basidiomycota,Jaapia argillacea,1,1,1,1,0,1
Basidiomycota,Jaminaea rosea,1,1,1,1,0,1
Mucoromycota,Jimgerdemannia flammicorona,1,1,1,1,1,1
Basidiomycota,Kalmanozyma brasiliensis,1,1,1,1,1,1
Ascomycota,Kalmusia sp.,1,1,1,1,1,1
Mucoromycota,Kickxella alabastrina,1,1,1,1,1,1
Ascomycota,Kluyveromyces lactis,1,1,1,1,1,1
Ascomycota,Kluyveromyces marxianus,1,1,1,1,1,1
Ascomycota,Knufia fluminis,1,1,1,1,1,1
Ascomycota,Knufia obscura,1,1,1,1,1,1
Ascomycota,Knufia peltigerae,1,1,1,1,1,1
Basidiomycota,Kockovaella imperatae,1,1,1,1,1,1
Ascomycota,Komagataella pastoris,1,1,1,1,1,1
Basidiomycota,Kwoniella dendrophila,1,1,1,1,1,1
Basidiomycota,Kwoniella europaea,1,1,1,1,1,1
Basidiomycota,Kwoniella mangrovensis,1,1,1,1,1,1
Basidiomycota,Kwoniella newhampshirensis,1,1,1,1,1,1
Basidiomycota,Kwoniella shandongensis,1,1,1,1,1,1
Basidiomycota,Kwoniella sp.,1,1,1,1,1,1
Basidiomycota,Laccaria amethystina,1,1,1,1,1,1
Basidiomycota,Laccaria bicolor,1,1,1,1,0,1
Ascomycota,Lachancea dasiensis,1,1,1,1,1,1
Ascomycota,Lachancea fermentati,1,1,1,1,1,1
Ascomycota,Lachancea lanzarotensis,1,1,1,1,1,1
Ascomycota,Lachancea mirantina,1,1,1,1,1,1
Ascomycota,Lachancea quebecensis,1,1,1,1,1,1
Ascomycota,Lachancea sp.,1,1,1,1,1,1
Ascomycota,Lachancea thermotolerans,1,1,1,1,1,1
Ascomycota,Lachnellula arida,1,1,1,1,1,1
Ascomycota,Lachnellula cervina,1,1,1,1,1,1
Ascomycota,Lachnellula hyalina,1,1,1,1,1,1
Ascomycota,Lachnellula occidentalis,1,1,1,1,1,1
Ascomycota,Lachnellula subtilissima,1,1,1,1,1,1
Ascomycota,Lachnellula suecica,1,1,1,1,1,1
Ascomycota,Lachnellula willkommii,1,1,1,1,1,1
Basidiomycota,Lactarius akahatsu,1,1,1,1,1,1
Basidiomycota,Laetiporus sulphureus,1,1,1,1,1,1
Ascomycota,Lasallia pustulata,1,1,1,1,1,1
Ascomycota,Lasiodiplodia hormozganensis,1,1,1,1,1,1
Ascomycota,Lasiodiplodia mahajangana,1,1,1,1,1,1
Ascomycota,Lasiodiplodia theobromae,1,1,1,1,1,1
Ascomycota,Lasiosphaeria hispida,1,1,1,1,1,1
Ascomycota,Lasiosphaeria miniovina,1,1,1,1,1,1
Ascomycota,Lasiosphaeria ovina,1,1,1,1,1,1
Ascomycota,Lasiosphaeris hirsuta,1,1,1,1,1,1
Ascomycota,Lecanicillium fungicola,1,1,1,1,1,1
Ascomycota,Lecanicillium saksenae,1,1,1,1,1,1
Ascomycota,Lecanicillium sp.,1,1,1,1,1,1
Ascomycota,Lecanosticta acicola,1,1,1,1,1,1
Basidiomycota,Lentinula aciculospora,1,1,1,1,1,1
Basidiomycota,Lentinula aff.,1,1,1,1,1,1
Basidiomycota,Lentinula boryana,1,1,1,1,1,1
Basidiomycota,Lentinula detonsa,1,1,1,1,1,1
Basidiomycota,Lentinula edodes,1,1,1,1,1,1
Basidiomycota,Lentinula guzmanii,1,1,1,1,1,1
Basidiomycota,Lentinula lateritia,1,1,1,1,1,1
Basidiomycota,Lentinula raphanica,1,1,1,1,1,1
Basidiomycota,Lentinus brumalis,1,1,1,1,1,1
Basidiomycota,Lentinus tigrinus,1,1,1,1,0,1
Ascomycota,Lepraria neglecta,1,1,1,1,1,1
Ascomycota,Leptosphaeria maculans,1,1,1,1,1,1
Ascomycota,Letharia columbiana,1,1,1,1,1,1
Ascomycota,Letharia lupina,1,1,1,1,1,1
Basidiomycota,Leucoagaricus leucothites,1,1,1,1,1,1
Basidiomycota,Leucoagaricus sp.,1,1,1,1,1,1
Basidiomycota,Leucocoprinus birnbaumii,1,1,1,1,1,1
Basidiomycota,Leucogyrophana mollusca,1,1,1,1,1,1
Basidiomycota,Leucosporidium creatinivorum,1,1,1,1,1,1
Mucoromycota,Lichtheimia ornata,1,1,1,1,1,1
Mucoromycota,Linderina macrospora,1,1,1,1,1,1
Mucoromycota,Linderina pennispora,1,1,1,1,0,1
Ascomycota,Lindgomyces ingoldianus,1,1,1,1,0,1
Ascomycota,Lineolata rhizophorae,1,1,1,1,1,1
Mucoromycota,Linnemannia elongata,1,1,1,1,0,1
Mucoromycota,Linnemannia exigua,1,1,1,1,1,1
Mucoromycota,Linnemannia gamsii,1,1,1,1,1,1
Mucoromycota,Linnemannia hyalina,1,1,1,1,1,1
Mucoromycota,Linnemannia schmuckeri,1,1,1,1,1,1
Ascomycota,Lipomyces starkeyi,1,1,1,1,1,1
Ascomycota,Lithohypha guttulata,1,1,1,1,1,1
Mucoromycota,Lobosporangium transversale,1,1,1,1,0,1
Chytridiomycota,Lobulomycetales sp.,1,1,1,1,1,1
Ascomycota,Lomentospora prolificans,1,1,1,1,1,1
Ascomycota,Lophiotrema nucula,1,1,1,1,1,1
Ascomycota,Lophium mytilinum,1,1,1,1,1,1
Mucoromycota,Lunasporangiospora selenospora,1,1,1,1,1,1
Basidiomycota,Lyophyllum shimeji,1,1,1,1,1,1
Basidiomycota,Macrolepiota fuliginosa,1,1,1,1,1,1
Ascomycota,Macrophomina phaseolina,0,0,0,0,0,0
Ascomycota,Macroventuria anomochaeta,1,1,1,1,0,1
Ascomycota,Madurella mycetomatis,1,1,1,1,1,1
Ascomycota,Magnaporthe oryzae,1,1,1,1,1,1
Ascomycota,Magnusiomyces paraingens,1,1,1,1,1,1
Basidiomycota,Malassezia arunalokei,1,1,1,1,1,1
Basidiomycota,Malassezia brasiliensis,1,1,1,1,1,1
Basidiomycota,Malassezia caprae,1,1,1,1,0,1
Basidiomycota,Malassezia cuniculi,1,1,1,1,1,1
Basidiomycota,Malassezia equina,1,1,1,1,1,1
Basidiomycota,Malassezia furfur,1,1,1,1,1,1
Basidiomycota,Malassezia japonica,1,1,1,1,1,1
Basidiomycota,Malassezia nana,1,1,1,1,1,1
Basidiomycota,Malassezia obtusa,1,1,0,1,1,1
Basidiomycota,Malassezia pachydermatis,1,1,1,1,1,1
Basidiomycota,Malassezia psittaci,1,1,1,1,1,1
Basidiomycota,Malassezia vespertilionis,1,1,1,1,1,1
Basidiomycota,Malassezia yamatoensis,1,1,1,1,1,1
Basidiomycota,Marasmius oreades,1,1,1,1,1,1
Basidiomycota,Marasmius sp.,1,1,1,1,1,1
Ascomycota,Marssonina brunnea,1,1,1,1,1,1
Ascomycota,Martiniozyma asiatica,1,1,1,1,1,1
Ascomycota,Massariosphaeria phaeospora,1,1,1,1,1,1
Ascomycota,Maudiozyma barnettii,1,1,1,1,1,1
Ascomycota,Maudiozyma exigua,1,1,1,1,1,1
Ascomycota,Maudiozyma humilis,1,1,1,1,1,1
Ascomycota,Maudiozyma saulgeensis,1,1,1,1,1,1
Basidiomycota,Meira miltonrushii,1,1,1,1,0,1
Basidiomycota,Melampsora larici populina,1,1,1,1,1,1
Basidiomycota,Melanopsichium pennsylvanicum,1,1,1,1,1,1
Ascomycota,Meristemomyces frigidus,1,1,1,1,1,1
Ascomycota,Metarhizium acridum,1,1,1,1,1,1
Ascomycota,Metarhizium album,1,1,1,1,1,1
Ascomycota,Metarhizium anisopliae,1,1,1,1,1,1
Ascomycota,Metarhizium brunneum,0,0,0,0,0,0
Ascomycota,Metarhizium guizhouense,1,1,1,1,1,1
Ascomycota,Metarhizium humberi,1,1,1,1,1,1
Ascomycota,Metarhizium majus,1,1,1,1,1,1
Ascomycota,Metarhizium rileyi,1,1,1,1,1,1
Ascomycota,Metarhizium robertsii,1,1,1,1,1,1
Ascomycota,Metschnikowia aff.,1,1,1,1,1,1
Ascomycota,Metschnikowia sp.,1,1,1,1,1,1
Ascomycota,Meyerozyma guilliermondii,1,1,1,1,1,1
Ascomycota,Meyerozyma sp.,1,1,1,1,1,1
Basidiomycota,Microbotryomycetes sp.,1,1,1,1,1,1
Basidiomycota,Microbotryum intermedium,1,1,1,1,1,1
Basidiomycota,Microbotryum lychnidis dioicae,1,1,1,1,1,1
Basidiomycota,Microbotryum saponariae,1,1,1,1,1,1
Basidiomycota,Microbotryum silenes dioicae,1,1,1,1,1,1
Ascomycota,Microdochium bolleyi,1,1,1,1,0,1
Ascomycota,Microdochium trichocladiopsis,1,1,1,1,1,1
Ascomycota,Microthyrium microscopicum,1,1,1,1,0,1
Microsporidia,Mitosporidium daphniae,1,1,0,1,1,0
Basidiomycota,Mixia osmundae,1,1,1,1,1,1
Mucoromycota,Modicella reniformis,1,1,1,1,1,1
Ascomycota,Moelleriella libera,1,1,1,1,1,1
Basidiomycota,Moesziomyces antarcticus,1,1,1,1,1,1
Ascomycota,Mollisia scopiformis,1,1,1,1,0,1
Ascomycota,Mollisiaceae sp.,1,1,1,1,1,1
Ascomycota,Monascus purpureus,1,1,1,1,1,1
Ascomycota,Monilinia fructicola,1,1,1,1,1,1
Ascomycota,Monilinia fructigena,1,1,1,1,1,1
Ascomycota,Monilinia laxa,1,1,1,1,1,1
Ascomycota,Monilinia vaccinii corymbosi,1,1,1,1,1,1
Basidiomycota,Moniliophthora perniciosa,1,1,1,1,1,1
Basidiomycota,Moniliophthora roreri,1,1,1,1,1,1
Ascomycota,Monosporascus cannonballus,1,1,1,1,1,1
Ascomycota,Monosporascus ibericus,1,1,1,1,1,1
Ascomycota,Monosporascus sp.,1,1,1,1,1,1
Ascomycota,Morchella conica,1,1,1,1,1,1
Mucoromycota,Mortierella alpina,1,1,1,1,1,1
Mucoromycota,Mortierella elongata,1,1,1,1,1,1
Mucoromycota,Mortierella hygrophila,1,1,1,1,1,1
Mucoromycota,Mortierella isabellina,1,1,1,1,1,1
Mucoromycota,Mortierella polycephala,1,1,1,1,1,1
Mucoromycota,Mortierella sp.,1,1,1,1,1,1
Mucoromycota,Mortierella verticillata,1,1,1,1,1,1
Mucoromycota,Mucor ambiguus,1,1,1,1,1,1
Mucoromycota,Mucor circinelloides,1,1,1,1,1,1
Mucoromycota,Mucor plumbeus,1,1,1,1,1,1
Mucoromycota,Mucor saturninus,1,1,1,1,1,1
Mucoromycota,Mucor velutinosus,1,1,1,1,1,1
Basidiomycota,Multifurca ochricompacta,1,1,1,1,1,1
Basidiomycota,Mycena albidolilacea,1,1,1,1,1,1
Basidiomycota,Mycena alexandri,1,1,1,1,1,1
Basidiomycota,Mycena belliarum,1,1,1,1,1,1
Basidiomycota,Mycena chlorophos,1,1,1,1,1,1
Basidiomycota,Mycena citricolor,1,1,1,1,1,1
Basidiomycota,Mycena indigotica,1,1,1,1,1,1
Basidiomycota,Mycena kentingensis,1,1,1,1,1,1
Basidiomycota,Mycena maculata,1,1,1,1,1,1
Basidiomycota,Mycena metata,1,1,1,1,1,1
Basidiomycota,Mycena pura,1,1,1,1,1,1
Basidiomycota,Mycena rosella,1,1,1,1,1,1
Basidiomycota,Mycena sanguinolenta,1,1,1,1,1,1
Basidiomycota,Mycena sp.,1,1,1,1,1,1
Basidiomycota,Mycena venus,1,1,1,1,1,1
Mucoromycota,Mycoemilia scoparia,1,1,1,1,1,1
Basidiomycota,Mycosarcoma maydis,1,1,1,1,1,1
Ascomycota,Mycosphaerella eumusae,1,1,1,1,1,1
Ascomycota,Myotisia sp.,1,1,1,1,1,1
Ascomycota,Mytilinidion resinicola,1,1,1,1,1,1
Basidiomycota,Naematelia encephala,1,1,1,1,1,1
Basidiomycota,Naganishia adeliensis,1,1,1,1,1,1
Basidiomycota,Naganishia cerealis,1,1,1,1,1,1
Basidiomycota,Naganishia friedmannii,1,1,1,1,1,1
Basidiomycota,Naganishia liquefaciens,1,1,1,1,1,1
Basidiomycota,Naganishia onofrii,1,1,1,1,1,1
Basidiomycota,Naganishia vaughanmartiniae,1,1,1,1,1,1
Ascomycota,Naumovozyma castellii,1,1,1,1,1,1
Ascomycota,Naumovozyma dairenensis,1,1,1,1,1,1
Ascomycota,Nemania bipapillata,1,1,1,1,1,1
Microsporidia,Nematocida ausubeli,0,1,1,1,1,1
Microsporidia,Nematocida displodere,0,1,1,1,1,1
Microsporidia,Nematocida parisii,0,1,0,1,1,1
Microsporidia,Nematocida sp.,0,1,0,1,1,1
Ascomycota,Neoarthrinium moseri,1,1,1,1,1,1
Neocallimastigomycota,Neocallimastix californiae,1,1,1,1,0,1
Ascomycota,Neocucurbitaria cava,1,1,1,1,1,1
Ascomycota,Neofusicoccum parvum,1,1,1,1,1,1
Ascomycota,Neohortaea acidophila,1,1,1,1,1,1
Ascomycota,Neolecta irregularis,1,1,1,1,1,1
Basidiomycota,Neolentinus lepideus,1,1,1,1,0,1
Ascomycota,Neonectria ditissima,1,1,1,1,1,1
Ascomycota,Neophaeococcomyces mojaviensis,1,1,1,1,1,1
Ascomycota,Neurospora crassa,0,0,0,0,0,0
Ascomycota,Neurospora hispaniola,1,1,1,1,1,1
Ascomycota,Neurospora sp.,1,1,1,0,1,1
Ascomycota,Neurospora tetrasperma,1,1,1,1,1,1
Ascomycota,Neurospora tetraspora,1,1,1,1,1,1
Ascomycota,Niveomyces insectorum,1,1,1,1,1,1
Microsporidia,Nosema apis,0,1,0,1,1,1
Microsporidia,Nosema bombycis,0,1,0,1,1,1
Microsporidia,Nosema ceranae,0,1,0,1,1,1
Microsporidia,Nosema granulosis,0,1,0,1,1,1
Basidiomycota,Obba rivulosa,1,1,1,1,1,1
Ascomycota,Ogataea haglerorum,1,1,1,1,1,1
Ascomycota,Ogataea parapolymorpha,1,1,1,1,1,1
Ascomycota,Ogataea polymorpha,1,1,1,1,1,1
Ascomycota,Oidiodendron maius,1,1,1,1,0,1
Ascomycota,Oleoguttula mirabilis,1,1,1,1,1,1
Ascomycota,Oleoguttula sp.,1,1,1,1,1,1
Chytridiomycota,Olpidium bornovanus,1,1,1,1,1,1
Ascomycota,Onygenales sp.,1,1,1,1,1,1
Ascomycota,Ophiobolus disseminans,1,1,1,1,0,1
Ascomycota,Ophiocordyceps australis,1,1,1,1,1,1
Ascomycota,Ophiocordyceps camponoti floridani,1,1,1,1,1,1
Ascomycota,Ophiocordyceps camponoti leonardi,1,1,1,1,1,1
Ascomycota,Ophiocordyceps camponoti rufipedis,1,1,1,1,1,1
Ascomycota,Ophiocordyceps camponoti saundersi,1,1,1,1,1,1
Ascomycota,Ophiocordyceps polyrhachis furcata,1,1,1,1,1,1
Ascomycota,Ophiocordyceps sinensis,1,1,1,1,1,1
Ascomycota,Ophiocordyceps unilateralis,1,1,1,1,1,1
Ascomycota,Ophiostoma piceae,1,1,1,1,1,1
Ascomycota,Orbilia blumenaviensis,1,1,1,1,1,1
Ascomycota,Orbilia brochopaga,1,1,1,1,1,1
Ascomycota,Orbilia ellipsospora,1,1,1,1,1,1
Ascomycota,Orbilia javanica,1,1,1,1,1,1
Microsporidia,Ordospora colligata,1,1,0,1,1,1
Basidiomycota,Panaeolus cyanescens,1,1,1,1,1,1
Basidiomycota,Papiliotrema laurentii,1,1,1,1,1,1
Ascomycota,Parachaetomium inaequale,1,1,1,1,1,1
Ascomycota,Paracoccidioides brasiliensis,1,1,1,1,1,1
Ascomycota,Paracoccidioides lutzii,1,1,1,1,1,1
Glomeromycota,Paraglomus brasilianum,1,1,1,1,1,1
Glomeromycota,Paraglomus occultum,1,1,1,1,1,1
Basidiomycota,Paramarasmius palmivorus,1,1,1,1,1,1
Microsporidia,Paramicrosporidium saccamoebae,0,1,1,1,1,1
Ascomycota,Paraphaeosphaeria minitans,1,1,1,1,1,1
Ascomycota,Paraphaeosphaeria sporulosa,1,1,1,1,0,1
Ascomycota,Paraphoma chrysanthemicola,1,1,1,1,1,1
Ascomycota,Parascedosporium putredinis,1,1,1,1,1,1
Mucoromycota,Parasitella parasitica,1,1,1,1,1,1
Ascomycota,Parastagonospora nodorum,1,1,1,1,1,1
Ascomycota,Parathielavia appendiculata,1,1,1,1,0,1
Ascomycota,Parathielavia hyrcaniae,1,1,1,1,0,1
Ascomycota,Passalora fulva,1,1,1,1,1,1
Basidiomycota,Paxillus rubicundulus,1,1,1,1,0,1
Ascomycota,Peltaster fructicola,1,1,1,1,1,1
Ascomycota,Penicillium alfredii,1,1,1,1,1,1
Ascomycota,Penicillium angulare,1,1,1,1,1,1
Ascomycota,Penicillium antarcticum,1,1,1,1,1,1
Ascomycota,Penicillium argentinense,1,1,1,1,1,1
Ascomycota,Penicillium arizonense,1,1,1,1,1,1
Ascomycota,Penicillium atrosanguineum,1,1,1,1,1,1
Ascomycota,Penicillium bovifimosum,1,1,1,1,1,1
Ascomycota,Penicillium brasilianum,1,1,1,1,1,1
Ascomycota,Penicillium brevicompactum,1,1,1,1,1,1
Ascomycota,Penicillium camemberti,0,0,0,0,0,0
Ascomycota,Penicillium canariense,1,1,1,1,1,1
Ascomycota,Penicillium cataractarum,1,1,1,1,1,1
Ascomycota,Penicillium cf.,1,1,1,1,1,1
Ascomycota,Penicillium chermesinum,1,1,1,1,1,1
Ascomycota,Penicillium chrysogenum,0,0,0,0,0,0
Ascomycota,Penicillium cinerascens,1,1,1,1,1,1
Ascomycota,Penicillium citrinum,1,1,1,1,1,1
Ascomycota,Penicillium concentricum,1,1,1,1,1,1
Ascomycota,Penicillium coprophilum,1,1,1,1,1,1
Ascomycota,Penicillium cosmopolitanum,1,1,1,1,1,1
Ascomycota,Penicillium crustosum,1,1,1,1,1,1
Ascomycota,Penicillium decumbens,1,1,1,1,1,1
Ascomycota,Penicillium desertorum,1,1,1,1,1,1
Ascomycota,Penicillium diatomitis,1,1,1,1,1,1
Ascomycota,Penicillium digitatum,0,0,0,0,0,0
Ascomycota,Penicillium egyptiacum,1,1,1,1,1,1
Ascomycota,Penicillium expansum,1,1,1,1,1,1
Ascomycota,Penicillium fimorum,1,1,1,1,1,1
Ascomycota,Penicillium flavigenum,1,1,1,1,1,1
Ascomycota,Penicillium freii,1,1,1,0,1,1
Ascomycota,Penicillium frequentans,1,1,1,1,1,1
Ascomycota,Penicillium hetheringtonii,1,1,1,1,1,1
Ascomycota,Penicillium hordei,1,1,1,1,1,1
Ascomycota,Penicillium italicum,1,1,1,1,1,1
Ascomycota,Penicillium malachiteum,1,1,1,1,1,1
Ascomycota,Penicillium nordicum,1,1,1,0,1,1
Ascomycota,Penicillium occitanis,1,1,1,1,1,1
Ascomycota,Penicillium olsonii,1,1,1,1,1,1
Ascomycota,Penicillium oxalicum,1,1,1,1,1,1
Ascomycota,Penicillium patulum,1,1,1,1,1,1
Ascomycota,Penicillium polonicum,1,1,1,1,1,1
Ascomycota,Penicillium roqueforti,1,1,1,1,1,1
Ascomycota,Penicillium rubens,1,1,1,1,1,1
Ascomycota,Penicillium salamii,1,1,1,1,1,1
Ascomycota,Penicillium solitum,1,1,1,1,1,1
Ascomycota,Penicillium sp.,1,1,1,1,1,1
Ascomycota,Penicillium steckii,1,1,1,1,1,1
Ascomycota,Penicillium subrubescens,1,1,1,1,1,1
Ascomycota,Penicillium thymicola,1,1,1,0,1,1
Ascomycota,Penicillium ucsense,1,1,1,1,1,1
Ascomycota,Penicillium vulpinum,1,1,1,1,1,1
Basidiomycota,Peniophora sp.,1,1,1,1,1,1
Ascomycota,Periconia digitata,1,1,1,1,1,1
Ascomycota,Periconia macrospinosa,1,1,1,1,0,1
Ascomycota,Pestalotiopsis fici,1,1,1,1,1,1
Ascomycota,Petromyces alliaceus,1,1,1,1,1,1
Ascomycota,Phaeoacremonium minimum,1,1,1,1,1,1
Ascomycota,Phaeomoniella chlamydospora,1,1,1,1,1,1
Ascomycota,Phaeosphaeria nodorum,1,1,1,1,1,1
Ascomycota,Phaeosphaeria sp.,1,1,1,1,1,1
Ascomycota,Phaeosphaeriaceae sp.,1,1,1,1,0,1
Basidiomycota,Phakopsora pachyrhizi,1,1,1,1,1,1
Basidiomycota,Phanerochaete carnosa,1,1,1,1,1,1
Basidiomycota,Phanerochaete sordida,1,1,1,1,1,1
Mucoromycota,Phascolomyces articulosus,1,1,1,1,1,1
Basidiomycota,Phellinidium pouzarii,1,1,1,1,1,1
Ascomycota,Phialemonium atrogriseum,1,1,1,1,1,1
Ascomycota,Phialocephala scopiformis,1,1,1,1,0,1
Ascomycota,Phialocephala subalpina,1,1,1,1,1,1
Ascomycota,Phialophora macrospora,1,1,1,1,1,1
Basidiomycota,Phlebia brevispora,1,1,1,1,1,1
Basidiomycota,Phlebiopsis gigantea,1,1,1,1,1,1
Basidiomycota,Phlebopus sp.,1,1,1,1,1,1
Basidiomycota,Pholiota conissans,1,1,1,1,0,1
Ascomycota,Phomopsis amygdali,1,1,1,1,1,1
Ascomycota,Phyllachora maydis,1,1,1,1,1,1
Ascomycota,Phyllosticta citriasiana,1,1,1,1,1,1
Ascomycota,Phyllosticta citricarpa,1,1,1,1,1,1
Ascomycota,Phyllosticta paracitricarpa,1,1,1,1,1,1
Basidiomycota,Physisporinus lineatus,1,1,1,1,1,1
Chytridiomycota,Physocladia obscura,1,1,1,1,1,1
Ascomycota,Piccolia ochrophora,1,1,1,1,1,1
Ascomycota,Pichia angusta,1,1,1,1,1,1
Ascomycota,Pichia californica,1,1,1,1,1,1
Ascomycota,Pichia inconspicua,1,1,1,1,1,1
Ascomycota,Pichia kluyveri,1,1,1,1,1,1
Ascomycota,Pichia sorbitophila,1,1,1,1,1,1
Basidiomycota,Piloderma croceum,1,1,1,1,1,1
Zoopagomycota,Piptocephalis cylindrospora,1,1,1,1,1,0
Zoopagomycota,Piptocephalis tieghemiana,1,1,1,1,1,1
Neocallimastigomycota,Piromyces finnis,1,1,1,1,1,1
Neocallimastigomycota,Piromyces sp.,1,1,1,1,0,1
Basidiomycota,Pisolithus microcarpus,1,1,1,1,1,1
Basidiomycota,Pisolithus tinctorius,1,1,1,1,0,1
Ascomycota,Plectosphaerella cucumerina,1,1,1,1,1,1
Ascomycota,Plectosphaerella plurivora,1,1,1,1,1,1
Ascomycota,Plenodomus tracheiphilus,1,1,1,1,0,1
Ascomycota,Pleurostoma richardsiae,1,1,1,1,1,1
Basidiomycota,Pleurotus cornucopiae,1,1,1,1,1,1
Basidiomycota,Pleurotus eryngii,1,1,1,1,1,1
Basidiomycota,Pleurotus ostreatoroseus,1,1,1,1,1,1
Basidiomycota,Pleurotus ostreatus,1,1,1,1,1,1
Basidiomycota,Plicaturopsis crispa,1,1,0,0,0,1
Basidiomycota,Pluteus cervinus,1,1,1,1,1,1
Ascomycota,Pneumocystis carinii,1,1,0,1,1,1
Ascomycota,Pneumocystis jirovecii,1,1,0,1,1,1
Ascomycota,Pneumocystis murina,1,1,0,1,1,1
Ascomycota,Pneumocystis oryctolagi,1,1,0,1,1,1
Ascomycota,Pneumocystis sp.,1,1,1,1,1,1
Ascomycota,Pneumocystis wakefieldiae,1,1,0,1,1,1
Ascomycota,Pochonia chlamydosporia,1,1,1,1,0,1
Mucoromycota,Podila minutissima,1,1,1,1,1,1
Ascomycota,Podospora aff.,1,1,1,1,1,1
Ascomycota,Podospora anserina,1,1,1,1,1,1
Ascomycota,Podospora appendiculata,1,1,1,1,1,1
Ascomycota,Podospora australis,1,1,1,1,1,1
Ascomycota,Podospora bellae mahoneyi,1,1,1,1,1,1
Ascomycota,Podospora comata,1,1,1,1,1,1
Ascomycota,Podospora didyma,1,1,1,1,1,1
Ascomycota,Podospora fimiseda,1,1,1,1,1,1
Ascomycota,Podospora pseudoanserina,1,1,1,1,1,1
Ascomycota,Podospora pseudocomata,1,1,1,1,1,1
Ascomycota,Podospora pseudopauciseta,1,1,1,1,1,1
Ascomycota,Polyplosphaeria fusca,1,1,1,1,1,1
Basidiomycota,Polyporus arcularius,1,1,1,1,0,1
Ascomycota,Polytolypa hystricis,1,1,1,1,1,1
Basidiomycota,Postia placenta,1,1,1,1,0,1
Chytridiomycota,Powellomyces hirtus,1,1,1,1,1,1
Ascomycota,Protomyces lactucae debilis,1,1,1,1,0,1
Ascomycota,Pseudallescheria apiosperma,1,1,1,1,1,1
Ascomycota,Pseudocercospora eumusae,1,1,1,1,1,1
Ascomycota,Pseudocercospora fijiensis,1,1,1,1,1,1
Ascomycota,Pseudocercospora fuligena,1,1,1,1,1,1
Ascomycota,Pseudocercospora musae,1,1,1,0,1,1
Ascomycota,Pseudogymnoascus destructans,1,1,1,1,1,1
Ascomycota,Pseudogymnoascus sp.,1,1,1,1,1,1
Ascomycota,Pseudogymnoascus verrucosus,1,1,1,1,1,1
Microsporidia,Pseudoloma neurophilia,1,1,1,1,1,1
Ascomycota,Pseudomassariella vexata,1,1,1,1,1,1
Basidiomycota,Pseudomicrostroma glucosiphilum,1,1,1,1,1,1
Ascomycota,Pseudoneurospora amorphoporcata,1,1,1,1,1,1
Ascomycota,Pseudopithomyces chartarum,1,1,1,1,1,1
Ascomycota,Pseudovirgaria hyperparasitica,1,1,1,1,0,1
Basidiomycota,Pseudozyma antarctica,1,1,1,1,1,1
Basidiomycota,Pseudozyma flocculosa,1,1,1,1,1,1
Basidiomycota,Pseudozyma hubeiensis,1,1,1,1,1,1
Basidiomycota,Psilocybe cf.,1,1,1,0,1,1
Basidiomycota,Psilocybe cubensis,1,1,1,1,1,1
Basidiomycota,Psilocybe cyanescens,1,1,1,1,1,1
Basidiomycota,Pterulicium gracile,1,1,1,1,0,1
Basidiomycota,Puccinia coronata,1,1,1,1,1,1
Basidiomycota,Puccinia graminis,1,1,1,1,1,1
Basidiomycota,Puccinia sorghi,1,1,1,1,1,1
Basidiomycota,Puccinia striiformis,1,1,1,1,1,1
Basidiomycota,Puccinia triticina,1,1,1,1,1,1
Basidiomycota,Punctularia strigosozonata,1,1,0,0,0,1
Ascomycota,Purpureocillium lavendulum,1,1,1,1,1,1
Ascomycota,Purpureocillium lilacinum,1,1,1,1,1,1
Ascomycota,Purpureocillium takamizusanense,1,1,1,1,1,1
Basidiomycota,Pycnoporus cinnabarinus,1,1,1,1,1,1
Ascomycota,Pyrenochaeta sp.,1,1,1,1,0,1
Ascomycota,Pyrenophora seminiperda,1,1,1,1,1,1
Ascomycota,Pyrenophora teres,1,1,1,1,1,1
Ascomycota,Pyrenophora tritici repentis,1,1,1,1,1,1
Ascomycota,Pyricularia grisea,1,1,1,1,1,1
Ascomycota,Pyricularia oryzae,0,0,0,0,0,0
Basidiomycota,Pyrrhoderma noxium,1,1,1,1,1,1
Ascomycota,Rachicladosporium sp.,1,1,1,1,1,1
Glomeromycota,Racocetra fulgida,1,1,1,1,1,1
Glomeromycota,Racocetra persica,1,1,1,1,1,1
Ascomycota,Ramalina farinacea,1,1,1,1,1,1
Ascomycota,Ramularia collo cygni,1,1,1,1,1,1
Ascomycota,Recurvomyces mirabilis,1,1,1,1,1,1
Ascomycota,Rhexocercosporidium sp.,1,1,1,1,1,1
Chytridiomycota,Rhizoclosmatium globosum,1,1,1,1,1,1
Basidiomycota,Rhizoctonia solani,1,1,1,1,1,1
Ascomycota,Rhizodiscina lignyota,1,1,1,1,0,1
Glomeromycota,Rhizophagus clarus,1,1,1,1,1,1
Glomeromycota,Rhizophagus irregularis,1,1,1,1,1,1
Glomeromycota,Rhizophagus sp.,1,1,1,1,0,1
Chytridiomycota,Rhizophlyctis rosea,1,1,1,1,1,1
Basidiomycota,Rhizopogon vesiculosus,1,1,1,1,1,1
Basidiomycota,Rhizopogon vinicolor,1,1,1,1,1,1
Mucoromycota,Rhizopus azygosporus,1,1,1,1,1,1
Mucoromycota,Rhizopus delemar,1,1,1,1,1,1
Mucoromycota,Rhizopus oryzae,1,1,1,1,1,1
Mucoromycota,Rhizopus stolonifer,1,1,1,1,1,1
Basidiomycota,Rhodocollybia butyracea,1,1,1,1,1,1
Basidiomycota,Rhodofomes roseus,1,1,1,1,1,1
Basidiomycota,Rhodonia placenta,1,1,1,1,0,1
Basidiomycota,Rhodotorula diobovata,1,1,1,1,1,1
Basidiomycota,Rhodotorula graminis,1,1,1,1,1,1
Basidiomycota,Rhodotorula mucilaginosa,1,1,1,1,1,1
Basidiomycota,Rhodotorula paludigena,1,1,1,1,1,1
Basidiomycota,Rhodotorula sp.,1,1,1,1,1,1
Basidiomycota,Rhodotorula taiwanensis,1,1,1,1,1,1
Basidiomycota,Rhodotorula toruloides,1,1,1,1,1,1
Ascomycota,Rhynchosporium agropyri,1,1,1,1,1,1
Ascomycota,Rhynchosporium graminicola,1,1,1,1,1,1
Ascomycota,Rhynchosporium secalis,1,1,1,1,1,1
Ascomycota,Rhypophila decipiens,1,1,1,1,1,1
Basidiomycota,Rickenella mellea,1,1,1,1,1,1
Basidiomycota,Roridomyces roridus,1,1,1,1,1,1
Ascomycota,Rosellinia necatrix,0,0,0,0,0,0
Rozellomycota,Rozella allomycis,1,1,1,1,1,1
Basidiomycota,Russula earlei,1,1,1,1,1,1
Basidiomycota,Russula ochroleuca,1,1,1,1,1,1
Ascomycota,Rutstroemia sp.,1,1,1,1,1,1
Ascomycota,Saccharomyces arboricola,1,1,1,0,1,1
Ascomycota,Saccharomyces boulardii,1,1,1,1,1,1
Ascomycota,Saccharomyces eubayanus,1,1,1,1,1,1
Ascomycota,Saccharomyces uvarum,1,1,1,1,1,1
Ascomycota,Saccharomycodes ludwigii,1,1,1,1,1,1
Ascomycota,Saccharomycopsis crataegensis,1,1,1,1,1,1
Basidiomycota,Saitozyma podzolica,1,1,1,1,1,1
Basidiomycota,Saitozyma sp.,1,1,1,1,1,1
Ascomycota,Salinomyces thailandicus,1,1,1,1,1,1
Basidiomycota,Sanghuangporus baumii,1,1,1,1,1,1
Ascomycota,Sarea resinae,1,1,1,1,1,1
Ascomycota,Saxophila tyrrhenica,1,1,1,1,1,1
Ascomycota,Scedosporium apiospermum,1,1,1,1,1,1
Ascomycota,Scheffersomyces spartinae,1,1,1,1,1,1
Basidiomycota,Schizophyllum amplum,1,1,1,1,1,1
Basidiomycota,Schizophyllum commune,1,1,1,1,1,1
Basidiomycota,Schizopora paradoxa,1,1,1,1,0,1
Ascomycota,Schizosaccharomyces cryophilus,1,1,1,1,1,1
Ascomycota,Schizosaccharomyces octosporus,1,1,1,1,1,1
Ascomycota,Schizosaccharomyces osmophilus,1,1,1,1,1,1
Ascomycota,Schizosaccharomyces pombe,1,1,1,1,1,1
Ascomycota,Schizothecium vesticola,1,1,1,1,1,1
Basidiomycota,Scleroderma citrinum,1,1,1,1,1,1
Ascomycota,Sclerophora amabilis,1,1,1,1,1,1
Ascomycota,Sclerotinia borealis,1,1,1,1,1,1
Ascomycota,Sclerotinia nivalis,1,1,1,1,1,1
Ascomycota,Sclerotinia sclerotiorum,0,0,0,0,0,0
Ascomycota,Sclerotinia trifoliorum,1,1,1,1,1,1
Glomeromycota,Scutellospora calospora,1,1,1,1,1,1
Ascomycota,Scytalidium lignicola,1,1,1,1,1,1
Ascomycota,Scytalidium sp.,1,1,1,1,0,1
Ascomycota,Septoria linicola,1,1,1,1,1,1
Basidiomycota,Serendipita indica,1,1,1,1,1,1
Basidiomycota,Serendipita sp.,1,1,1,1,1,1
Basidiomycota,Serendipita vermifera,1,1,1,1,0,1
Basidiomycota,Serpula lacrymans,1,1,1,1,0,1
Ascomycota,Setomelanomma holmii,1,1,1,1,0,1
Basidiomycota,Sistotremastrum niveocremeum,1,1,1,1,1,1
Basidiomycota,Sistotremastrum suecicum,1,1,1,1,1,1
Mucoromycota,Smittium angustum,1,1,1,1,0,1
Mucoromycota,Smittium culicis,1,1,1,1,1,1
Mucoromycota,Smittium megazygosporum,1,1,1,1,1,1
Mucoromycota,Smittium mucronatum,1,1,1,1,1,1
Mucoromycota,Smittium simulii,1,1,1,1,1,1
Ascomycota,Sodiomyces alkalinus,0,0,0,0,0,0
Ascomycota,Sordaria brevicollis,1,1,1,1,1,1
Ascomycota,Sordaria macrospora,1,1,1,1,1,1
Ascomycota,Sordaria sp.,1,1,1,1,1,1
Basidiomycota,Sparassis crispa,1,1,1,1,1,1
Ascomycota,Spathaspora sp.,1,1,1,1,1,1
Ascomycota,Sphaceloma murrayae,1,1,1,1,1,1
Basidiomycota,Sphaerobolus stellatus,1,1,1,1,0,1
Ascomycota,Sphaerosporella brunnea,1,1,1,1,1,1
Ascomycota,Sphaerulina musiva,1,1,1,1,0,1
Basidiomycota,Sphagnurus paluster,1,1,1,1,1,1
Mucoromycota,Spiromyces aspiralis,1,1,1,1,1,1
Chytridiomycota,Spizellomyces punctatus,1,1,1,1,1,1
Chytridiomycota,Spizellomyces sp.,1,1,1,1,1,1
Basidiomycota,Sporidiobolus salmonicolor,1,1,1,1,1,1
Basidiomycota,Sporisorium graminicola,1,1,1,1,1,1
Basidiomycota,Sporisorium reilianum,1,1,1,1,1,1
Basidiomycota,Sporisorium scitamineum,1,1,1,1,1,1
Ascomycota,Sporothrix brasiliensis,1,1,1,1,1,1
Ascomycota,Sporothrix insectorum,1,1,1,1,1,1
Microsporidia,Spraguea lophii,1,1,0,1,1,1
Ascomycota,Stachybotrys chartarum,1,1,1,1,1,1
Ascomycota,Stachybotrys chlorohalonatus,1,1,1,1,1,1
Ascomycota,Stachybotrys elegans,1,1,1,1,1,1
Ascomycota,Staphylotrichum longicolle,1,1,1,1,1,1
Ascomycota,Staphylotrichum tortipilum,1,1,1,1,1,1
Ascomycota,Starmerella bacillaris,1,1,0,1,1,1
Basidiomycota,Steccherinum ochraceum,1,1,1,1,1,1
Ascomycota,Stemphylium lycopersici,1,1,1,1,1,1
Basidiomycota,Stereum hirsutum,1,1,1,0,0,1
Ascomycota,Sugiyamaella lignohabitans,1,1,1,1,1,1
Basidiomycota,Suillus discolor,1,1,1,1,1,1
Basidiomycota,Suillus fuscotomentosus,1,1,1,1,1,1
Basidiomycota,Suillus luteus,1,1,1,1,1,1
Basidiomycota,Suillus placidus,1,1,1,1,1,1
Basidiomycota,Suillus plorans,1,1,1,1,1,1
Basidiomycota,Suillus subaureus,1,1,1,1,1,1
Ascomycota,Sungouiella intermedia,1,1,1,1,1,1
Mucoromycota,Syncephalastrum racemosum,1,1,1,1,1,1
Zoopagomycota,Syncephalis pseudoplumigaleata,1,1,1,1,0,1
Chytridiomycota,Synchytrium endobioticum,1,1,1,1,1,1
Chytridiomycota,Synchytrium microbalum,1,1,1,1,1,1
Ascomycota,Talaromyces amestolkiae,1,1,1,1,1,1
Ascomycota,Talaromyces atroroseus,1,1,1,1,1,1
Ascomycota,Talaromyces cellulolyticus,1,1,1,1,1,1
Ascomycota,Talaromyces islandicus,1,1,1,1,1,1
Ascomycota,Talaromyces pinophilus,1,1,1,1,1,1
Ascomycota,Talaromyces proteolyticus,1,1,1,1,1,1
Ascomycota,Talaromyces rugulosus,1,1,1,1,1,1
Ascomycota,Talaromyces verruculosus,1,1,1,1,1,1
Ascomycota,Taphrina deformans,1,1,1,0,1,1
Ascomycota,Taxawa tesnikishii,1,1,1,1,1,1
Ascomycota,Teratosphaeria destructans,1,1,1,1,1,1
Ascomycota,Teratosphaeria nubilosa,1,1,1,1,1,1
Ascomycota,Teratosphaeriaceae sp.,1,1,1,1,1,1
Basidiomycota,Termitomyces sp.,1,1,1,1,1,1
Basidiomycota,Testicularia cyperi,1,1,1,1,0,1
Basidiomycota,Tetrapyrgos nigripes,1,1,1,1,1,1
Mucoromycota,Thamnidium elegans,1,1,1,1,1,1
Zoopagomycota,Thamnocephalis sphaerospora,1,1,1,1,0,1
Basidiomycota,Thanatephorus cucumeris,1,1,1,1,1,1
Basidiomycota,Thelephora ganbajun,1,1,1,1,1,1
Basidiomycota,Thelephora terrestris,1,1,1,1,1,1
Ascomycota,Thelocarpon superellum,1,1,1,1,1,1
Ascomycota,Thelonectria olida,1,1,1,1,0,1
Ascomycota,Thielavia terrestris,1,1,1,1,0,1
Ascomycota,Thielaviopsis punctulata,1,1,1,1,1,1
Ascomycota,Thyridium curvatum,1,1,1,1,1,1
Mucoromycota,Tieghemiomyces parasiticus,1,1,1,1,1,1
Basidiomycota,Tilletia caries,1,1,1,1,1,1
Basidiomycota,Tilletia controversa,1,1,1,1,1,1
Basidiomycota,Tilletia horrida,1,1,1,1,1,1
Basidiomycota,Tilletia indica,1,1,1,1,1,1
Basidiomycota,Tilletia laevis,1,1,1,1,1,1
Basidiomycota,Tilletia walkeri,1,1,1,1,1,1
Basidiomycota,Tilletiaria anomala,1,1,1,1,1,1
Ascomycota,Tolypocladium capitatum,1,1,1,1,1,1
Ascomycota,Tolypocladium ophioglossoides,0,0,0,0,0,0
Ascomycota,Tolypocladium paradoxum,1,1,1,1,1,1
Ascomycota,Torrubiella hemipterigena,1,1,1,1,1,1
Ascomycota,Torulaspora globosa,1,1,1,1,1,1
Ascomycota,Tothia fuscella,1,1,1,1,1,1
Microsporidia,Trachipleistophora hominis,0,1,0,1,1,1
Basidiomycota,Trametes cinnabarina,1,1,1,1,1,1
Basidiomycota,Trametes coccinea,1,1,1,1,1,1
Basidiomycota,Trametes cubensis,1,1,1,1,1,1
Basidiomycota,Trametes pubescens,1,1,1,1,1,1
Basidiomycota,Trametes sanguinea,1,1,1,1,1,1
Basidiomycota,Trametes versicolor,1,0,0,1,0,0
Ascomycota,Trematosphaeria pertusa,1,1,1,1,0,1
Basidiomycota,Tremellales sp.,1,1,1,1,1,1
Ascomycota,Triangularia setosa,1,1,1,1,1,1
Ascomycota,Triangularia verruculosa,1,1,1,1,1,1
Ascomycota,Trichocladium antarcticum,1,1,1,1,0,1
Ascomycota,Trichodelitschia bisporula,1,1,1,1,0,1
Ascomycota,Trichoderma aggressivum,1,1,1,1,1,1
Ascomycota,Trichoderma arundinaceum,1,1,1,1,1,1
Ascomycota,Trichoderma breve,1,1,1,1,1,1
Ascomycota,Trichoderma citrinoviride,1,1,1,1,0,1
Ascomycota,Trichoderma cornu damae,1,1,1,1,1,1
Ascomycota,Trichoderma gamsii,1,1,1,1,1,1
Ascomycota,Trichoderma guizhouense,1,1,1,1,1,1
Ascomycota,Trichoderma lentiforme,1,1,1,1,1,1
Ascomycota,Trichoderma parareesei,1,1,1,1,1,1
Ascomycota,Trichoderma reesei,0,0,0,0,0,0
Ascomycota,Trichoderma semiorbis,1,1,1,1,1,1
Ascomycota,Trichoderma simmonsii,1,1,1,1,1,1
Ascomycota,Trichoderma sp.,1,1,1,1,1,1
Ascomycota,Trichoderma virens,1,1,1,1,1,1
Ascomycota,Trichoglossum hirsutum,1,1,1,1,1,1
Basidiomycota,Tricholomella constricta,1,1,1,1,1,1
Ascomycota,Trichomonascus ciferrii,1,1,1,1,1,1
Ascomycota,Trichophyton interdigitale,1,1,1,1,1,1
Ascomycota,Trichophyton mentagrophytes,1,1,1,1,1,1
Ascomycota,Trichophyton verrucosum,1,1,1,1,1,1
Ascomycota,Trichophyton violaceum,1,1,1,1,1,1
Ascomycota,Trichothecium roseum,1,1,1,1,0,1
Ascomycota,Truncatella angustata,1,1,1,1,1,1
Ascomycota,Tuber aestivum,0,0,0,0,0,0
Ascomycota,Tuber borchii,1,1,1,1,1,1
Ascomycota,Tuber magnatum,1,1,1,1,0,1
Ascomycota,Tuber melanosporum,1,1,1,1,1,1
Microsporidia,Tubulinosema ratisbonensis,0,1,1,1,1,1
Basidiomycota,Tulasnella calospora,1,1,1,1,1,1
Basidiomycota,Tulasnella sp.,1,1,1,1,1,1
Basidiomycota,Tulosesus angulatus,1,1,1,1,1,1
Mucoromycota,Umbelopsis ramanniana,1,1,1,1,0,1
Mucoromycota,Umbelopsis vinacea,1,1,1,1,1,1
Ascomycota,Uncinocarpus reesii,1,1,1,1,1,1
Ascomycota,Uncinula necator,1,1,1,1,1,1
Ascomycota,Ustilaginoidea virens,0,0,0,0,0,0
Basidiomycota,Ustilago bromivora,1,1,1,1,1,1
Basidiomycota,Ustilago hordei,1,1,1,1,1,1
Basidiomycota,Ustilago sp.,1,1,1,1,1,1
Basidiomycota,Ustilago trichophora,1,1,1,1,1,1
Microsporidia,Vairimorpha apis,0,1,0,1,1,1
Microsporidia,Vairimorpha ceranae,0,1,0,1,1,1
Microsporidia,Vairimorpha necatrix,0,1,0,1,1,1
Ascomycota,Valsa mali,1,1,1,1,1,1
Basidiomycota,Vanrija humicola,1,1,1,1,0,1
Basidiomycota,Vanrija pseudolonga,1,1,1,1,1,1
Basidiomycota,Vararia minispora,1,1,1,1,0,1
Microsporidia,Vavraia culicis,1,1,0,1,1,1
Ascomycota,Venturia effusa,1,1,1,1,1,1
Ascomycota,Venturia inaequalis,1,1,1,1,1,1
Ascomycota,Venturia nashicola,1,1,1,1,1,1
Ascomycota,Venustampulla echinocandica,1,1,1,1,1,1
Ascomycota,Vermiconidia calcicola,1,1,1,1,1,1
Ascomycota,Verruconis gallopava,1,1,1,1,1,1
Ascomycota,Verticillium alfalfae,1,1,1,1,1,1
Ascomycota,Verticillium dahliae,1,1,1,1,1,1
Ascomycota,Verticillium longisporum,1,1,1,1,1,1
Ascomycota,Verticillium nonalfalfae,1,1,1,1,1,1
Basidiomycota,Violaceomyces palustris,1,1,1,1,0,1
Ascomycota,Viridothelium virens,1,1,1,1,0,1
Basidiomycota,Wallemia hederae,1,1,1,1,1,1
Basidiomycota,Wallemia ichthyophaga,1,1,1,1,1,1
Ascomycota,Westerdykella ornata,1,1,1,1,0,1
Ascomycota,Wickerhamiella sorbophila,1,1,1,1,1,1
Ascomycota,Wickerhamomyces ciferrii,1,1,1,1,1,1
Ascomycota,Wickerhamomyces mucosus,1,1,1,1,1,1
Ascomycota,Wickerhamomyces pijperi,1,1,1,1,1,1
Basidiomycota,Wolfiporia cocos,1,1,1,1,0,1
Basidiomycota,Xanthophyllomyces dendrorhous,1,1,1,1,1,1
Ascomycota,Xylaria arbuscula,1,1,1,1,1,1
Ascomycota,Xylaria bambusicola,1,1,1,1,1,1
Ascomycota,Xylaria curta,1,1,1,1,1,1
Ascomycota,Xylaria flabelliformis,1,1,1,1,1,1
Ascomycota,Xylaria grammica,1,1,1,1,1,1
Ascomycota,Xylaria hypoxylon,1,1,1,1,1,1
Ascomycota,Xylaria multiplex,1,1,1,1,1,1
Ascomycota,Xylariales sp.,1,1,1,1,1,1
Ascomycota,Xylona heveae,1,1,1,1,0,1
Ascomycota,Yarrowia lipolytica,1,1,1,1,1,1
Ascomycota,Yarrowia sp.,1,1,1,1,1,1
Ascomycota,Zalaria obscura,1,1,1,1,1,1
Ascomycota,Zalerion maritima,1,1,1,1,1,1
Mucoromycota,Zancudomyces culisetae,1,1,1,1,1,1
Ascomycota,Zygosaccharomyces bailii,0,0,0,0,0,0
Ascomycota,Zygosaccharomyces mellis,1,1,1,1,1,1
Ascomycota,Zygosaccharomyces parabailii,1,1,1,1,1,1
Ascomycota,Zygotorulaspora mrakii,1,1,1,1,1,1
Ascomycota,Zymoseptoria brevis,1,1,1,1,1,1
Ascomycota,Zymoseptoria tritici,1,1,1,1,1,1
